讌,话说燕语,北方之言，在于改革,话说燕子,北方方言,话说燕人,北方话,北方之言
艎,白玉无瑕一汪清,白玉无瑕一江清,一汪清水映孤舟
幡,秋雨洒落田边土,秋雨点点落田间,秋雨点点落田中,分田分到旗杆上,秋雨点点落四方
稠,周末香飘香四溢,周末香飘香四方,周末香飘四方尽,周末香飘四方
幞,一片爱心系苍生,一片孤帆系芳心
蚵,河水清浊见底流
蜫,昆虫竞赛
黥,大黑方显雄心,黑字当头一定领先
陬,阵前又来听取声,进取,阵前取经略不同
蟅,孤帆一片广风里,广告之后闽中闻
軠,千里相逢在车前,千里來相会
鈖,三五小舟泛秋波,脱贫之后更脱贫,分赃一半
粩,老树依然挺秀出,老来一口,老树掩村枝半残,老树掩村枝半枯
鞅,大改革带动全面变革,改革大有变,大改革带来大收获,改革大革,大改革带来大变化,大革新带动人心,改革大有作为,改革大有改观,改革大变样,改革大有可为,大改革带动全面变化
麉,麋鹿奔驰
鲠,山东变化更多,山东变化一日游,山东变化旧貌改,山东变化大,山东变化,山东变化更大
菪,石榴花开半放翁,亭前碧草正开花
诓,匡王一计定天下,匡王一计定江山,信口开河说不准,云开三面见匡庐,匡王一计定干戈,云南话王,匡王一计定江东,匡王之言不可信,云开三面见匡王
菠,西湖水面波底月,西湖波底映新月,西湖水月浮萍生,西湖波底映花前,西湖边上草初生,池边波底月
存,夜半无人独自眠,夜半亭前独自立,独生子,夜半无人会,夜半无人仍在睡,夜半无人仍独处,夜半无人仍相伴
毽,笔帽不见了,毛坯厂出了,毛遂自荐
踆,空中云脚错落,空中云脚雾中看,空中小桥云脚下,空中云脚雾中山
嫠,木头厂里的姑娘,厂里一千金,一厂千金,厂里一姑娘,一厂之女,厂里少妇盼回音
閛,闹市散罢罢了事,一家平反,清闲之中干闲事,清闲之中干家务,门内平地,平反之后干家务
銎,天上人间会相见,几点残红落巩西
饹,各得了一个
稘,秋思其意，春思其情,共同庆祝其丰收,秋思其意，春想其意,秋思其意，春想其情
鸘,雨后杜鹃鸣,雨落枝头落爪痕
贆,贼首被拘押
碃,石青时节,十二月一日游,石青,青山绿水映楼台,玉质不纯,岩下青草色调零,万紫千红映岩石,青山绿水抱村前
趟,小桥流水正随行,小桥之上走堂前,浅水中走,浅水之行,小桥之上走,浅水中走过,浅水中走走
褔,四方同心空前团结,四方同心祥运起,四方同心增后福,四方同心，空前团结
踸,甚有干头,甚有根基,甚有干劲
頫,兆,兆页,卷首语
耊,一去上半场就坐,一直去基层,至高无上
脵,东瀛女排排头兵,明日去上海,明日去吴中
茀,昔日一别，念你莫念，花前,弗陵之子曰,弗陵之子
缚,浦东十分吸引人
駡,千里來相逢,对方下午来,马上行动,千里來相会,千里归來一日闲,千里相逢如斯人,千里相逢成对影
豨,布希
駉,千里之外，一匹马。,千里之遥，一马之距,马上行动,衙内禁止骑骆驼
揄,提前一天到俞州,提前到俞州,提前一月拿人
瞥,帘前双泪垂,帘下敝帽遮,帘前双泪垂，霎时间,敝帐一掩目,敝帽遮眼
炫,玄,秋日飘香玄德上,秋后巧安排,玄而又玄,秋日飘香玄雾中,秋日飘香玄月光
蹷,足有一半,存足现金
腨,山顶明月出西来,山顶明月照高台,一轮皓魄映高山,一轮皓魄映高岭,依山而傍月,山顶明月出,山顶明月照高楼,山顶明月比高低
撤,提前到达育幼儿,提前到达云南前哨,提前到达育幼苗
醾,酒后花前对弈棋,酒后一定要摆脱困境,酒后一定要注意安全
猢,狗头燕窝胡虏肉,狗头燕窝胡不住,狐朋狗党争先进,十月怀古一书生,十月怀古一怀古,狐朋狗党,胡乱敷衍迎猴年
碵,貞潔之言不足取,石头记故事,貞潔之言不足凭
竸,竟竟,竟是一番竟,竟是一回事
攒,赞扬,点滴积累放手拼,为集资金而聚首,为集资金，不惜动武,为集资金，不惜一切,赞助商,点滴积累方有为,赞美他,点滴积累可成金
绲,残红斜阳落草中
撸,提前一日到鲁中,一手提前到鲁西,一手遮不住太阳,提前一日到鲁南,一手提前到鲁南
脰,相思点点如豆大,豆蔻梢头暗香移,豆蔻梢头夜半回
袦,重峦叠嶂上青天,重峦叠嶂映残红,重峦叠嶂入云端,重峦叠嶂上碧空
啧,口头承包,专人负责听课声,赞扬,口头传命,一方赞叹,口头负责,一方有责
鳌,敖头大鱼钓钩悬,敖东之日不可留,敖头大鱼
瞐,放眼唯有泪双垂,空中小桥映三星,两眼视力好
愧,心怀不直怕见鬼,一念之差心生悔,知心知鬼不是人,心生一计，终生悔恨
篸,个个参与共扫除,人人都是参加者,人人都是参与者,人人都是参军人,竹影参差三两点,个个参与共扫黄,个个参与植树
稇,一处栽杏入画中
讛,八方言艺,八方来合唱,说唱表演
冕,晚日一别人离去,一月免礼,晚日一别免相见,一月免衣,一日之盟不可取
祰,报告,出口方言,祷告
躻,只身投奔莫后退,身无彩凤栖梧前,俯首贴身无人信,全身穴位移,俯首贴金对残局,赤膊上阵夺冠军,身居穴位,身无彩凤双飞翼,只身投奔莫求救
睉,眼前一片土,从上看，两人相背,放眼土地,尘土飞扬入眼来
鰤,山东老师来,山东有位老师
碸,石作枕头风作床,磬声清绝随风来
魽,山珍海味
謦,客气话
牒,片叶飘零落香村,片叶飘零落叶中,片叶飘零落林中,片叶飘落叶底下
蓸,一曲低音落花前,花前一曲暗无声,花前一曲听韶声
艧,一叶飞来又一舟,画舫东去又飞去,归帆半隐草丛生,画舫东去又归来,画舫东去又见船
膲,半个月焦
蓊,花冠翻过老君来
踪,高宗手迹留千载,远树两行竹影斜,高宗手迹留千古,门前留个影
靵,牛年改革
鍪,一矛穿金铠,一矛穿破金闺门,一矛穿金牛,一矛穿金顶,一矛穿双树，两眼冒金花,一矛穿双金
概,林边既出既出力
榘,矩阵之中定天下,矩阵之中无偏差
麨,粉末倒出不多
铟,边锋一出扣中人,秋色笼罩大方格,边锋一出扣大旗,金钱不能因小人
鼥,鼠年除弊端
裓,戒尺
靭,革命召唤人共聚,刀光剑影,革命召唤人共来,革新之后要传刀,革新之后刀更短
艈,儿在台北望远航,孤帆一片水云间,水随孤舟过远山,一叶扁舟破浪行,一叶扁舟泛波涛,归帆半隐江水流
馧,盛夏之际，空中飘香,盛夏之际空飘香
祔,衣冠不整，前不着村
嬷,偏偏遇上麻姑娘
蒟,花前独立无人会,二十载立成就后,立在花前反覆看
寝,关灯之后又进来,床前辗转听雨声,夜半无人又入梦
蠋,川中隐约闻虫鸣,蜀道之隐隐见孤帆,川中隐约一只虫,蜀道隐隐一孤帆
詇,一言即中
氆,一毛不拔是普通
嫒,小姐爱上了小姐,爱上姣娥,宫女又来献爱心,小姐爱上小姐,宫女又来爱屋前
鍎,一套金盾,合金十眼,一套金盾安天下,一弯残月映金盾
鯓,鱼头不见了,鱼身,俯首贴金鱼,鱼肚
驖,千里征战
茼,花前月下同相会,花前月下同聚首,花前月下同怀念,花前月下同聚会,花前月下同怀古
锆,合金材料
魆,阎罗王持刀在前
鲞,山东山西合养鱼
騧,千里相逢在马路
孽,育有一子名薛颠
秼,新月枝头一抹红
锾,慷慨解囊赠爰书
蓆,孤帆一片落花前
襄,解衣耕耘,衣着破落写哀思
篾,环山四面竹丛中,竹下戍卒上前哨
骱,一介书生已白头,骨折之后犹能举,一桥隔断千重骨
橄,枕边一把耳塞尺
訽,旬日未逢发一言,旬日未逢方解语,一语道破,方言句,一言既出
阸,阶前残月照宅第
眳,眼前只有一张口
簼,提刀削竹签,提刀削竹
葇,花前柔柳拂伤心,花前柔柳半含酸
飏,和风细雨连绵,风吹树梢起
硎,石刑,临刑一刻
铣,金榜题名,首先得到金钱
谑,言虐心,笑话,笑谈,戏言
闶,清闲之中几度闲
袨,玄色礼服,裙带关系系玄机,黑色礼服,衣着起来有点玄
誻,水上谈天,一言蔽之，日趋沉默,水上谈话,水边谈论,谈水之日
嘿,黑方主义,黑方主动帮一帮,黑方主动帮后进,黑方先行占先机,黑方挺立不可怕,黑方挺立不示弱,黑方主动帮忙
鹍,昆虫比翼,昆仑山下比翼飞
睎,眼前唯有孤帆在,眼前唯有孤帆影,眼前唯有帆影在
闚,門人二見
襘,衣领交叉之处,衣领交叉处
咿,樱唇半启伊人来,伊人离去日沉沦,伊人离去叶摇曳,伊人离去心哀愁
盢,四方犬阵前后乱,大田犬
褯,衣着引得帘半卷
鴭,白头鸳鸯比翼飞,白头鸳鸯双点飞,白头鸳鸯失伴飞,白头鸳鸯双飞翼
葱,花前且放一颗心,花前且把心儿放,花前月下共心知
龄,齿令下,齿令下达,齿令下人,齿令
瘌,病从口入
矻,石不能言,石乞
韫,伟人走了一日还,伟人走了有血肉,伟人走了有血性
翐,关公走麦城,楚霸王乌江自刎,关云长刮骨疗伤,楚霸王自刎
鳝,善始善终都有鱼,善始善终一条鱼
翘,复习目的非为尧
岷,山民被压迫害,山民被压迫害怕
佞,夫人改嫁人,花言巧语谄皇上,一女信成双,二女巧安排,二女怀春嫁比邻,花言巧语谄君子,花言巧语谄媚人
禩,共同致富,四方共聚異鄉土,四方共聚異鄉心,四方同心共建设
訔,山下传来佳话,出言不逊色,山下有言,山东话,岁末不见言,山语
眏,放眼江东一望中
搔,抓住一只蚤
肀,聿来扫墓土
羮,羊年伊始大团结,羊年伊始大团圆,羊年伊始大变样
蓁,二十春秋,二十春秋配
鴮,相声好，鸟飞鸣,相声好，雀儿叫
趧,是走是停,走是走不是走,步行是上策,日脚下走是走,是走不是步,走到哪都是路,走到哪都是走
鲎,画桥垂钓小方塘,小桥垂钓小方塘
鱌,象在水中，不宜多口,象在水中，不宜多嘴
葔,花前独立无人会,一直等候在花前
颩,和风细雨润心田,台风劲吹竹影斜,一抹斜阳照东风,台风劲吹雲水横,台风刮來雲水清,和风细雨湿斜阳
簧,竹叶纷飞秋波里,两个黄鹂横塞北,竹叶黄,竹叶半黄,竹叶纷飞黄叶飞,个个参与共扫黄
臶,至今犹存故旧心
穽,一弯新月挂井边,深挖井底补水泥,深挖井盖保安全,挖掉穷根改造田
睒,眼前一片热,眼前一片红
瞀,把矛放眼前,矛头放眼,我把矛放眼,眼前唯有矛
荈,岁暮花前逢旧梦,岁末年尾花前会
雏,稚嫩肌肤,稚嫩的小鸡
酶,每天清晨酵母来
毅,挺立起来莫落后,一心立志读书人,挺立起来莫低头
犒,元旦前后牛高会,人仰牛高,一生奉献精神
逤,飞沙走石
矝,矛头指向我
喹,大褂一脱口而出
霓,清明节前有雨儿
臿,臼中有人在干活,臼中有人
镑,旁有金边,金边货币,金边一点,黄金在旁
镁,美国西部开发
鱵,左边有条鱼，右边有篓水，,左边有条小鱼，右边有篓空
翀,空中雁阵两行斜,没羽箭
粸,共食不饱，其间空虚,共有二斤米,共食其中，不必多言
酲,酒后呈文,酒后呈上一半,酒后呈文字,酒后呈上半程,酒后呈报,西安呈文
踬,有质不足
覐,放眼唯有一爻,看见爻,放眼再看一爻,少见一爻,见爻
藙,坚忍不拔立雄心
綔,赞美乡下变了样,绝色无双夸父兄,赞扬乡下变了样
檗,辟谷清泉出游人,开辟蹊径入林中
癃,隆中对残月一生憾
鑟,出售白银,一半票，一半货。,一半票金卖不出,出售黄金,出售金币,售金
鵄,相思至鸟飞
赈,落难之后有钱来
蕿,烛下人约立花前,灯前约会草桥下,烛光笼罩草丛中,烛光笼罩草坪上
棍,十八日相逢
説,八哥学舌,八哥的私语,八哥猜谜
襻,上攀下攀，个个参与,上攀下攀，终须落后
羹,二羊分明是美人
筶,竹下斜篙斜篙下,横竹叶落知秋近
瑾,与君廿载同江东
鸧,仓前遇到一只鸟,仓前有鸟栖枝头,仓前遇到一只鹅,仓边遇到一只鸟,仓前鸳鸯戏水中
葭,又见残月映芦苇
衋,聿下流血
詤,人儿之言多不智,人儿之言不可信,人儿之言不足凭
訉,几点谈话,几点谈,几度谈话,几多话,几度谈笑
潍,一维水上又一维
邨,村前屯田,屯田
鸊,辟荒之中滋养林,辟谷隐鸟居
眖,哥哥一半在眼前,哥哥眼里亮堂堂,哥哥眼里只有一个宝,哥哥一半看在眼里,哥哥眼前泪双流,哥哥眼里只有一张口
裨,自卑
谥,赞美之声,赞美之语,言过其实,有言在先受表扬
醲,客人一到置水酒,清晨日出鸡西飞
辖,车祸在所难免,车祸,车到桥下非常危,车一到就害,车到桥下害伤人
砒,岩下对弈
薆,爱在花前，不在花后,花前月下爱心存,花前月下藏深情,爱心始终在花前,爱在花前，爱在心上
糇,一米侯,一米侯相
蚢,几点帆影隐风中
羭,俞下东西洋参
髀,人若无骨便是病,骨折
裳,堂前脱却一身衣,出口服装,尚有一件衣,尚有一衣带水,堂前脱却一件衣,堂前脱却一套衣
聭,鬼魂入耳,阎罗殿下闻鼓声,阎罗殿下闻啼声,阎罗殿下闻狐声,阎王殿下闻鼓声,耳听八方鬼
礨,石头成堆
鯏,鱼利为先,鱼利
涫,一点一滴为官清,干部一别泪两行,一点一点为官清,西湖官,西湖官场,西湖官话,干部一别泪双流,江湖官场
詪,恨别人无话
揞,提前发音,提前一天发音,提前发出声音,掩盖半边音
柁,残花无端落楼前,鸵鸟奔跑入林中,残花弄影落楼前
鶫,东方一只鸟
穸,穴葬湘西已黄昏,窗前一弯残月
秺,千里屋前闻嘘声,初秋眉月挂楼前
鬏,秋凉一片雁行斜,秋凉一片雁阵斜
蹒,小两口一走了之
膺,孤星眉月照庭前,胸怀广阔明月光,广寒宫里月相伴,胸怀广阔月如钩,广寒宫里月当头
譃,言实不实,一言既出实为虚,空话,一言既出实不虚,不实之言,不说实,不实之词,不说实在
脣,明日去辰巳,辰月当空照堂前
鶠,日女相依傍黄鹂
閗,门内乱成一锅粥,门内战,斗室,门内争先进
艼,花前独立无人会
訅,一言九行,九九话,九号发言,一言九鼎
鱣,回来作魚,回來作魚
弊,敝帽遮来半掩帘,敝帽半遮花半掩,敝帽半遮花半露,敝帽遮面露双星
惚,恍然失色心不安,一心忽悠,一心忽视,忽然间，悔不及,恍然失色心怅然,忽然间，悔当初,恍然失色心朦胧
膈,月缺月圆隔隔墙
飳,中国改革人才倍出,中国改革人才出
韬,韦编三绝传韦绝
骸,孩子走失三十载
痪,四体相连终为瘫,四体麻痹症,四体麻痹不仁,四体麻痹
蝙,门可罗雀穴中藏
跓,中国改革一飞千里
嗄,独自叹离别,独自叹息长相随
脺,从西去东，共赏月色
禅,视而不见是孤单,独处
署,来者留言,来者留下一句,来者留名
窅,目空一切
鸱,鸟雀低飞低掠低,鸟雀低飞入低层,宿鸟低飞低飞处,低头不见有鸟来,鸟雀低飞低飞处,低头不见有鸟飞,鸡低处，闻鸟鸣
腙,新月挂枝头，邀上客共赏,宗庙毁后月当头,新月挂枝头，邀人共赏月,新月挂枝头，邀人共仰首,玉兔迎春上宫前,清光如注照高宗
踱,散席之后又登山,散席之后又登门,散席之后又进一步,散席之后再登门
谝,花言巧语,花言巧语惹是非,花窗半掩巧语连,花言巧语惹人厌
髡,剃去头发,剃去头发当和尚,先生去后发,剃去头发当法官,剃去头发当礼帽
啕,哭出泪来方离别,一方哭出泪两行,一方哭出泪如注,一方哭声四起,一方哭声四起来,一方哭出泪来
鲯,共有山东面貌改,共有两条鱼
暧,恋爱,婚前相约
鎝,合金小挂锁双眉
嶝,登山临水共相思,登上绝顶望江流,登山临水一相逢,登上绝顶望江东,登山造林
浍,到了汕头人聚会,一到河边人相依,到了汕尾人相聚,一到河西人相依,到了汕尾人聚会,到了汕头人相聚
谴,直接进言斥责,直接进言斥之
蕗,花前小径有人来,花前有路在脚下,花落方知马蹄痕,花前小径有人行,花落方见马蹄痕,花前且上马蹄痕
礌,雷雨四方,石化厂破土而出,雨点落在石头上,石化厂破格用人
鞯,人事改革促成就,人事改革催骏马
拯,洪水劫后丞相助,一手丞相,水上一把手,提前到水一点
醑,酒后失态空对月,酒后乐逍遥,酒后月下正相逢
凇,八角楼前雪初融,八点松
穉,初秋残雪裹尸身
赕,财色兼收到秋后
缭,丝织厂大小调整,乡下变了样，全省面貌改
菫,二十一口大王
觭,大河奔流近三角,大河奔流去一角
魣,我有一条小鱼,我有一条鱼，一条垂柳裙,我有一条鱼
笱,竹下隐语句亦残,竹下隐语句亦空,个个向前一个弯,竹下隐语入空门,个个入句
腬,月照枝头柔顺貌,月照枝头柔若弓,月照枝头柔若弦,月照楼头柔顺貌,月下枝头柔美人,明日去伐木,月照枝头柔美姿,月下枝头乱，矛头纠正,月照楼头柔弱貌,月照枝头柔美人,月照枝头柔若寒
錞,夜半亭中独酌金,独享清秋赏月
糍,米饭出锅时间长,兹将余粮尽奉献,江米做成糕,用江米做成糕,兹将余粮尽奉公,兹将余粮尽奉承,用江米做成糕点,江米做成糕点,兹将余粮尽付梓,江米做成的饭
錧,一金不值守南冠,官倒不倒有钱来,一对金莲侣,官倒不倒有金钱,官倒不倒有钱,官倒不倒有钱人
握,初到玉楼亲手接,屋前拾级终难及,提前到屋前
蝍,即是远帆归隐雪,即是远帆一叶舟
裶,除非封王匡社稷
蓃,老叟立花前,老汉在花前
汊,水畔又见杨柳依,又到淮中去,又到河边,又到淮中,又向西流去,又到江西,又到江边,又向西流
镴,狼烟四起入牢笼
軅,雁阵斜飞身影远,雁阵翻飞身上来,雁来身首映残红,雁来身首映厂前,雁字挂身影,雁阵翻飞身上阵
剜,宛如刀锋夜掠过,刀下宛如刀刺眼,宛如刀锋刺向西,宛如刀锋利口利,刀下留情心如割,宛如刀锋刺向心,刀下宛如刀刺痕,刀下宛如刀刺客
狍,狗跑了
蹚,堂前堂后
碦,客来犹系灞桥头,石客来,客来犹系灞桥边,石客
酀,北伐军西进抵陕西
鷼,明月之下，鸟雀之间
蔽,敝帽遮住半遮面,敝屋半掩,敝帽半遮,残花带雨参差放,敝帽半遮花半掩,敝帽半遮草色新,敝帽遮来敝帽儿,敝帽半遮花半露
蘩,花前一念母后心,花前海棠半落梅,花前梅畔梅边放,花前梅畔梅初开,花前梅畔梅初放,花前一念母牵挂,繁花似锦
戟,干戈一动定称帝,十日战略武器定,干戈一动军心在,十日战争,十日干戈,干戈一动南方定,十日战事起关头,十日战事起,干戈一动军心变,干戈一动定干戈,干戈一别到十日
绪,乡下变了样，全省换新貌,乡下变了样，全省面貌改,乡下变了样，全省大翻身
麚,又见麋鹿奔走相,又见麋鹿奔走壁,又见麋鹿奔走,麋鹿奔走入画中,一只麋鹿奔走奔,又见麋鹿奔走来
箘,田中禾苗破土出,田里禾苗绿油茵,田里禾苗破土出
溉,既出既入,既灌水又养鱼,江河既逝,江畔既出袁子才,引水灌田,既流既灌,引水浇灌
撒,携手一同散,携手一同去
箞,卷尾猴出笼,卷首语带泪痕
鲫,山东即日到,山东即日
傺,清明之前祭先生,壮士一去兮不复返,壮士一去不复返,祭前供祭,壮士一去不复返，悲声哀切
馆,吃官得饭,炊事员,食官不见肉,吃官,食官
郋,自在前头闻炮声,独自吹竽绕阶前
軏,古稀之年更夺冠,七十二变,七十二变化
傈,人在西楼树影斜,人在西楼树,人在西楼独凭栏
辘,古稀之年鹿争先,鹿年古稀仍争先,古稀鹿年已古稀,古稀之年鹿蹄疾,古稀鹿年献丹心,古稀之年鹿蹄痕
扪,提前闯入门,提前闯入空门,提前入门,提前闯入,掌门人
喝,与人解渴
螳,堂前堂后一虫藏,堂前堂后蝴蝶飞
屏,层云散尽并残月,双星残月并一行,山重月残云半隐,山重月残云半遮,层云散尽并不见
熠,习字当头一把火,灯前共度白头约
鲉,山东变化由我负,山东变化由我负责
鱽,刀刺鱼肚,鱼刀,山东一刀
蛎,蚝
雑,乱成一锅粥
婊,千金表,西施面庞姣，韦编三绝妙,西施面庞姣，阿里面也妒,西施面庞姣，韦编三绝艳,西施面庞姣，韦编三绝色,千金表里,西施面庞姣，娇躯半露羞,如来临凡千金赏
祦,东吴独运筹,东吴独守边,东吴独守边防
袖,裙带关系
秹,千里来人任组织
憷,心系湘中人
帻,分明是一责
螃,旁有一只小虫,旁有一只小虫子
襱,衣着引得一尊龙
鄛,树影环山雁阵飞
煅,高温,炉火纯青,用火段
兕,凹儿一出补水来,凹儿出来,山坳里面有凹儿,凹儿补了一下,凹儿补了一口气,凹儿在下面,凹儿,凹儿一个,凹儿补了
跖,足下石头,足石,足下一石,足下一石头,足下有石,足下有石头
墉,庸人自居住
淠,连日有雨,水田一角,西湖垂杨入画中
崭,山下七十多一斤
螝,孤帆一片鬼魂至,孤帆一片化鬼魂,孤帆一片鬼魂中
螤,八一起义文虫隐
睢,仰首惟有泪双流,仰首惟有泪双垂,眼前唯有一男儿,眼前唯有泪水流,仰首惟有泪两行
圊,园内空留倩影来,四季园中尽绿化,园中春色满园中,四季园中尽绿色,周围青草铺庭前,园中春色入画中,四季园中尽绿荫,园中春色怡人去,园中空留倩影来
鋐,宏观论金,宏观经济,宏观布局要合金
藳,高香一树又一枝,高楼前头草正生,高宗赏花在前头,高楼前面草正生
跼,残局犹留足迹痕,残局犹留马蹄痕
祷,祖先的福祉,祝福,祖先的福音,祖先赐福
鹈,鹦鹉嘴上衔弓箭
擤,用手揉捏鼻子,用手抠鼻子,用手抠门鼻子,用手揉搓鼻子,用手抚摸鼻尖,用手捂住鼻子,用手抚摸鼻头,用手抚摸鼻子
詷,方言同
窎,洞中藏鸟,深闺鸟雀栖,穴下有鸟栖,鸟窝,空中鸟鸣,鸟在巢中鸣,鸟在巢中藏
隍,白玉无瑕一一降,白玉无瑕陪君来
龓,有人乘龙
煸,炉边柴火慢慢烧,炉边柴火慢慢融,炉边柴火慢慢添
饏,敢食,敢食敢言
崦,电大办在山西边
甑,曾经瓦解过一日,曾经瓦解过,曾经瓦解过一家,曾经瓦解,曾经瓦解过一个,曾经瓦解锁,曾经瓦解过一方,曾经瓦解何艰难,曾经瓦解过一伙,曾经瓦解锁双眉
铖,刀光剑影入城头,刀光剑影入城中
叼,似曾相识燕衔泥,一口衔枚,嘴上留着樱桃,嘴刁眼刁,嘴上衔刀,嘴上衔枚
秔,几度芳心付秋流,几度芳心付秋波
鳋,山东又见虫,山东又见虫飞
覍,小见,小見沒有規格,少见也有奇觀,小见有奇才,小見沒有異常,小見沒有光,少见有異常,少见也有奇遇,少见怪異,少见有奇遇
婧,倩女幽会倩夫来,倩女幽会倩夫人,三月妹妹相会,倩女幽会倩女来
込,送出关后人安在,人行横道,人行道,送出关时人方归
触,扬帆使舵角当先,扬帆摆舵角当先,扬帆摆舵角当头,扬帆使舵角当头
鹋,苗头雁阵入画中,田间鸟飞近黄昏
硊,危及厂内
釠,几度银河落几多
鹪,焦点难寻黄雀来
葵,癸未科学祭花前
秌,香酥两可靠火候
遁,出航之前先隐藏,矛来盾去
觜,此地乃一角,唯有此角在风中,此地正好逢头角,此地一角生动乱
舻,飞舟抵卢前,飞舟抵达卢北,卢前残月映孤舟,飞舟抵达卢西
皲,皮肤变化破了容,破军皮,激战之后破军皮,皮肤变化差一点,皮肤变化破了皮,皮肤变样破了
榀,三方联手植树,三方携手共植树,三星错落映楼前,三星错落映桥边,三星错落映桥头
貮,贝字加一是弋
蚶,甘愿顶替一虫,甘愿顶替一虫来
茖,花前月边各一方,花前月下各成双,花前月下各相依,花前月下各回来
勘,费尽苦心求甚力
骹,千里相逢在骨头,骨折之后双交易
潴,西湖猪八戒,西湖猪日,一水猪八戒
鹉,一弋止鸟
鱤,钓钩垂下心头憾
镏,秋收之后柳屯田
苈,花前岁月历含羞,花前历史要记载,花前历史
钃,一点金屬
賨,高宗赏识之下,高宗赏识之子,高宗赏识之
莛,空有庭前花自开,空有庭前花半掩,空有庭前花下别,空有庭前花半谢
脭,呈上半月,广寒宫上呈新貌
鹫,就在前头鸟不鸣,就在前头鸟归来,就鸟
羠,牧羊人放牧
幄,帐前层云尽,一片降幡出屋前
葨,四方畏惧草色新,四方畏惧草早枯,四方畏惧花早落
颞,聂耳双页,枕边双页
酎,日落之时酒已干,鸡鸣时节恰黄昏,日落之时有酉时,日落之时有酉金
旒,一方池水流千里,一方池水流如钩
脓,明日去农村,明日去农家,月下农夫去,十月农药,月下农庄
盥,水缸,水皿,水上皿
猛,孟子怒吼,孟子头上有只狗,孟子头上有条狗,孟德放牧独守边,孟子头上挂只狗
攥,手挽雕弓眼底收,用手紧抓眼前
蠃,蟾宫几度下凡尘
蓧,枝头柳条系客心
微,山下有几人,山下有几处,山下有几处人,出头几度入梦端
鸀,蜀道之行，鸟行之侧,越鸟入川,越鸟入川中,蜀道之行，鸟行之林
嗝,一口气
眲,柳眼半舒随耳来,闲聊时伴眼前人
蕞,最后一日在花前,最后一天在花前
軃,妾身单身,独身单行道,单身汉,独身单衣,独身单行单车,独身单身
閧,共守空門,拱手相别入空门,拱手門前共舉樽,共进二球门,共聚一室,共守空门,共建家庭,拱手让人家,共同的门
腭,亏得双方又团圆,亏得双方有月来
緜,白帆一片系芳心,一条白毛巾挂在腰间,白帆半挂系芳心
鬖,参差雁阵横斜,参差雁阵三两行,参差雁阵两行斜
碔,正是石武
薷,而冒雨而归,而冒雨而来,雨后飘香而来,冒雨而来
蓰,徙居异乡已廿载
嶷,下岗之后，思密不透
馋,美味,美食,猪八戒,一来就吃,开口就吃,贪食,有口就吃
臞,瞿然乍见月当头
簏,梅花林下一只鹿
粡,一同携手同米芾,一同外出吃粽子
蜡,虫落草间日偏西
惦,一心开店,同心开店,同心改革开店,有心开店
詨,交换意见
馔,八方来客共欢娱,巽位宾客共八人,八方来客共进餐,巽位宾客上八桌,同桌之人共欢娱,同桌之人食巽方,巽位宾客上前来
龉,牙齿一咬我愿意
鑨,金龙,一袭破衣挂金龙,旭日升空照金龙
蔘,参差花下人依恋,花前人影参差是,花前参差雁阵斜,参差树木映花前,参差树木映残花
蠚,花前有约听蛙声
閰,入门原是臼
睨,儿在旁边，忽视了,儿在眼前晃来晃去,儿在旁边，不在眼前
趔,一走就停
沂,欲诉无言泪痕在,欲诉无言听泉声,欲诉无言听水流,一斤水产品,欲诉无言泪先流,十两一斤水,一斤水
蘪,麋鹿奔走于草下,花前麋鹿栖枝头,花前麋鹿迎春到,花前麋鹿戏春来,麋鹿奔走于花前,麋鹿奔走于草野,梅花林下一只鹿,花前麋鹿迎春至,麋鹿奔走于草莽,花前麋鹿戏花前
艏,孤舟昂首行,船首不见云,一舟昂首,船首不见人,首尾相连共一舟,首次乘飞舟,首次登船见桅杆
袬,云南衣,云南布衣,云南服饰
麸,一日不见麦夫人
葶,花前亭下一径深,花前亭下一婵娟,一方安宁草堂前
萩,一半绿，一半红。
魵,山东离别山西分,山东离别
踮,店里有人，蹲下不动。
裆,裤衩当在腰间
憎,曾经有心结知音,曾经有意结同心,曾经有意结知音,曾经有情却无心,曾经有心成旧梦,曾经有情却无情,曾经有心结同心,曾经有心结识你
葍,四方同心花前会
腓,月非今宵,月非树,月非
箬,竹影摇落若飞鸿
泸,残月弄影上西湖,一点残月带三星,上海境内
髭,唯有短须才露脸
粴,里外都是米
鴪,白头鸳鸯藏洞中,洞中藏鸟,穴中藏鸟,鸟窝,洞庭鸟语,穴中藏有鳥,穴來鳥自飞,穴中藏鳥
脷,清明前后利当头,秋凉月利别有天,明日去利用,月利在前心不快,月利在前心不悦
蚾,扬帆使舵破浪行,扬帆破浪去南洋,扬帆破浪去西方,扬帆使舵破波澜
搋,揪住虎头几曾来,揪住虎头几曾动
谰,春夜话阑干
饕,一来就享乐,一来就吃,一来就享受,号召前来共进餐
崆,一弯残月满山空
鐇,秋色满金番,一番秋色
顕,显页
馕,吃了馍馍还口干
畋,四方齐合力，破敌千里
靮,改革勺
潞,一路相随入河口,当前唯有汾河一道,一路相随入河西,一路相随上西湖
霤,卯时雷雨,卯时雷雨大
蚒,孤帆一片丹心在
趩,步行異常,走到田边共拱手,行走異地,步行異地,同心走四方
慷,身居数职心安定,身心健康
苣,巨灵劈破苦心人,开渠送水放草下,开渠送水放草木,开渠送水放草
眫,半边看,看上去只有一半
飚,风中焱,风焱
鬀,剃去胡须修眉毛,剃胡须,剃去胡须髯
驮,一马当先大有可为,一马当先，大有干头,马大张口,一马当先大扫除,一马当先，大有可为,马大哈,一马奔驰天下去
厍,厂车一进厂,车到厂来,厂车一一到,厂车一一行,车到厂里来,车到厂不叫停,厂车一到,进厂车间
迋,一朝君去不复还
笿,阁中惟见松篁影
铚,镰刀砍来,镰刀至上半截
膴,有月全无人,无月之日,无月之夜
芤,孔子游下蔡
泯,民主会后唾沫飞
咻,众口难开休叹息
甙,弋甘半生苦,弋甘,弋甘半生生,弋甘半生,弋甘之心
镆,莫等黄昏后,莫等黄昏后归来
趮,走到村前品茶香,品茶之后游西湖,三方联合走出困境
荅,花前月下合不来,人结同心草长成,二十载来同心结
窨,听取穴音,穴道有声,空中小窗音不清,一听有穴音
踟,一走就知,足下求知
蛐,一曲高歌扬帆去
鎍,一缕金丝系客心,十条金索,索要资金就不对
魜,人鱼共存,山东宜人,人鱼相连,山东变化大
辵,忽行忽止,一走忽停
雳,历经风雨见丹心,历经风雨方团聚,历经风雨见红颜
腈,清明之前去踏青,玉兔迎春,清辉映玉兔
蹭,曾经有足迹,曾经跟我走,小曾驻足曾经来,曾经溜进门,曾经的足下
锵,金玉满堂，将近三十
訄,九点话,九字诀,九字真言,九点谈
覚,学子远去，仰见高山
箥,西湖波底映孤竹
裀,出口成衣因何变
蒉,花前一别贵相逢,花前珍品
葚,桑下老翁甚可爱,桑梓之畔甚有意思,桑下之子甚可爱,桑下耕耘甚可人,桑梓之畔甚美好
鳈,山东泉水共一曲,山东泉水共一方,山东泉水来
脼,两个月,两月两星空,一月两两见,两个月大
揸,抓重点，查漏洞,用手指抓东西,抓重点，查漏点,提前查明
蹅,一脚迈进查明底
霰,雪落花零落,雨点纷飞珠泪珠,雪落花前月相随,雪落枝头雨纷纷,雨落枝头花零落,雨后又见月当头,雪落枝头星点点
谖,爰居爰上说不准,献爱心，又进一言,爰有言在先
綵,采茶下乡去,采茶下乡
蚀,吃下螳螂难咽下
獬,独角牛刀
虡,不实不虚
黔,夜幕降临到贵州,夜幕降临到贵阳,纵横湘西今何在,纵横湘西一黑压,时至黎明,一黑压死一半
菨,二十载成就她,妾念君来迟,二妾,二十娶
籁,人人依赖,个个依赖神州,千古离合倚幽篁,个个依赖党,个个依赖,个人依赖
醍,酒后一定别冲动,酒后一定要小心
鑘,三点一线共金钱
盉,秋凉新月映盘陀,秋凉新月映盘龙,秋凉新月映篱斜
踔,卓文君兮日中行,卓尔不群
猓,果然藏头露尾,田边筑起三道堰
纮,异乡偶相见，云端斜月影
煲,退休之后人入伙
狈,狼先生被锁,前腿特别短
戗,你左我右同进攻,刀枪并列防守中,刀枪并列防守城
叱,方见花残叶半残,花草凋零叶半垂,花草凋零叶正落,宫中美人多倾心,花草凋零叶参差,花草凋零叶半残
喁,番禺之声,番禺出口
趝,心随步行起,边行边吟
頵,翻页君似画中看,翻页君似画
擒,手禽
鴐,鸟儿加一点,架子鸡加点,鸟儿加一半,鸟儿加一只
鹧,广阔天地，鸟栖草间
潼,三三两两立里,三三两两立里边,童心已泯,三三两两立里来,三三两两立里桥,三三两两立里头
洱,老子出游到西湖,取之于江东,取经先看海,老子出巡到西湖,老子出游到云南
笾,一边插竹一边栽,一边插竹棍,一边插竹一边收
磞,码头遇上一山友,码头遇上山东友
謪,八方言商,与人计量
铉,秋色正浓玄色淡
墼,未烧砖头,未烧砖头已成型
碚,立石碑,站在石头上
僬,焦作文集,焦尾已失，前人犹在
粮,进口佳品
铪,合金
锟,昆明秋色近重阳
褣,衣冠不整愁容在,衣冠不整空遗容
蛜,伊人去，帆影横,伊人去后帆影远,伊人去后帆半隐
蓵,花下捷径,花前捷径无人到,捷足先登上花冠,花前捷径
蹎,跌倒
跸,毕业之后各西东,毕业之后各奔逃
笖,竹下三个人,竹下一人影半生,竹下一人影半移,竹下一人影如钩
趑,次要行动,二次登高路,次行道
礈,遂送郎君离石头,遂往石首,遂送郎君离石首,遂送郎君离石窟,遂往石头,石遂,遂送达石
鷩,鸡鸣破屋闻鸟叫,鸡鸣破屋闻雉声,敝帽半遮鸳鸯影,敝帽半遮鸳鸯爪
戬,晋东征,晋军东下去,晋战之后,晋兵之前
簺,塞上双星映残红
慨,既往不咎心亦安,既往不咎心生悔,既往不咎心生悔意,既怀故国心,心既安定志未移,心既安定志未休,既往心不安,心既安定志不移
察,观音桥上祭灵前,观音桥上祭松坡
敝,破衣,衣裳破了
臮,从我做起,人人都要自立
碻,磬高不可攀,石头城墙高
璀,一半王山一半崔
篠,条条垂柳,条条垂柳系客心
蛬,同舟共济共白头,同舟共济一线天,同舟共济一线牵
陙,晨曦未露照阶前
龁,叩齿道歉
鲭,且请君来山东,且请君来山东游
胑,八月方圆共一心,八月只见一轮明,八月只见杜鹃鸣,樽前明月共吟诗
苙,花前独立,花前独立无人会,花前独立听韶声,花前独立无牵挂
甬,节约一点用心思,月影随舟来,节约一点用一滴,月影随舟起
睻,放眼江东宣传,放眼天下宣传
聛,俯首巾耳卑下士,俯首巾耳卑下听,俯首巾耳卑下行,俯首贴耳卑下闻
萁,共二十二人
瞅,秋收之后眼前放,秋收之前眼底收,秋收之后眼底收,秋凉一片眼前来,秋凉秋到眼底收,秋收之后眼前亮,秋收之后眼前红
鳒,鱼游左右两岸,鱼游左右游两岸
誳,山重月残云掩
蒲,蒿盈浦东半绿色,蒿盈浦水禽藏
创,开仓济粮,开仓
雊,雉声啼破句半空,雉声犹在句当头,雉声啼破句半残,雉声犹在句佳,雉声犹在句中央
坫,城头一战定天下,战火南移入城西,十一点占,战火南移到城西
箨,两个选择
鼑,破格选拔鼎新人
篃,竹短草长入目来,一弯眉月挂两个,眉月弯弯竹影稀,竹下一弯眉月影,竹影横斜入眼来,竹影横斜入目来,眉月一弯竹影斜
鮈,句似无心垂钓钩
踧,叔叔一只脚,叔叔一走就上路
翚,楚兵
筇,个个都是邛字
喾,高辛氏帝即位,广告之前有学头,高辛氏帝即帝王
篟,倩人无处觅幽篁,个个都是情侣,竹下倩影横斜
肰,明月当空照犬群,月下一只狗,明月当空犬独行
飺,这一食物不多,这是第一食
噱,夸大其辞
睃,斜着眼看,斜着眼睛看东西
惭,欲斩前缘难释怀,欲斩前缘心生悔意,欲斩前缘情未了,欲斩前缘心生愧意,欲斩前缘心生愧,欲斩前缘心不解
献,南京一狗叫声噪,南京一狗叫声喳,南京一狗叫,南方来一只狗,南京一狗
笀,个个忘了
妓,支前又续弦,支前又分女,十二女,巧妇何能炊鸡
腱,帆影半隐月建东,帆影半隐月建桥,月下楼台半隐现,帆影水建月相随
槁,高楼前面两相依,高原上下一片林
齄,鼻查无一错
鶝,田上一只鸟,田间一只鸟
濉,眼中唯有江河影,眼中唯有江河映
胹,明月照而立,三十天而聚一堂
顀,唯有这一页
踄,步行到跟前
茞,二十载来始称臣
頍,一张支页
碲,石帝
颙,万历改革第一页
鉄,一夕金钱空流失
鵣,一只雀儿藏树中,一只莺儿栖树间,一只雀儿栖树间
噔,登上一口又一颗,登上古楼听鼓声,登上前方一点豆
籂,人人饰演竹笛手,人人饰演竹头人,个个来饰演,人人饰演一角色,人人饰演一角
邘,于东郊之行也,于阵前相助,于东郊作别声,于东郊之行,于东郊作别
揉,刚一抬头柔一半,握别后柔肠断,纤纤玉指柔情在,握别后柔肠寸断,纤纤玉指柔音貌
糠,广东米广，深圳米康
衂,血刃,一刀见血,一刀见红
邠,一别陇西分南北
馅,面食、糕点里面包,臼中食物有滋味,面食、糕点里包
睩,眼前一片绿葱葱,眼前一片绿茵笼
袪,脱衣而出,衣着引得去
鐖,几度银河落燕泥,几度银河落几多,几多错误铸成金,几度银河落几边
翢,一周复习一天,一周复习,周末复习
驘,云破月来马蹄痕
鈩,金户,玉户添丁,玉户添丁进口金,一家有余粮,一家之金,一家有五口，银行存款
瞣,眼前一黑心如箭,改变困境靠眼前,改变困境靠眼睛
証,一言正好成依据,正话无言,此言正好成依据,一言正好成证言
酺,甫出茅庐闻鸡鸣,甫出茅庐便闻酒
脙,请月来帮忙,请月来求教,请月来帮帮我,请月来求教育,求教之后月相伴,请月来帮助
艭,又到船边,又见扁舟双桨飞
褶,羽落服中,羽落服装
胸,月下匈奴去,匈奴去后月当头,匈奴亡后月当头,匈奴去后月相随,匈奴亡后月相随
訹,谈话技巧,谈判技巧,巧舌如簧
霫,雪后复习,雨后复习
艴,一色浑然不悦耳,佛光山色接天下,一色浑然不悦观,佛光山色浑如睡
鯐,鱼行我也行,鱼行我步,鱼行,鱼来我往
諘,言表
痼,顽固症,顽固难治
铨,金全玉足,黄金全买,金全木落,金全开,金全
軡,如今已是七十多
蝻,南下扬帆一叶舟,南方虎,一叶南飞舟自横
跁,蜀道横斜马蹄痕
眬,眼前一片绿茵笼,眼中只有一点龙,独眼龙,眼前一片绿荫笼,眼前唯有一条龙
瘦,老汉隐退显病容
趺,夫人走了,双人走钢丝,人生没有单行道
椠,砍伐森林,斩草不除根,斩草除根,斩杜后
稻,一半秋波一半春
骻,骨折之后大加赞
罙,独木横山空对月,独木横山空雾中
鴱,花凋鸟飞哀思切,花开之后鸟归来
裎,西服脱下呈君前,呈现服装样式,服装展览,呈现服装样貌,西服脱下呈君侧,呈现服装出口,西服脱下呈君妃,呈现服装,呈现服装进口,西服脱下呈君王,呈现服装陈列,呈上衣服
繝,月照门庭半掩帘,月照门前正垂杨,月照闺门半掩帘
愫,一片真情系后生,一贯用心，习以为常,前情若缕，情意缠绵,前情若缕，情意绵绵,前情若缕总无情
髋,骨折之后骨宽
赝,雁阵参差分贝中,雁贝运回国,雁群蔽体现真假,雁贝
飕,风叟,老头风叟,老头立歪风,老汉乘风而立
锇,我的合金,我找不到合金
曛,香烟戒后日渐长,香烟戒后日当头
鹟,白头翁年届不惑,白头翁年届古稀
嗵,四方通衢一条心
聱,敖耳
嗷,口敖,敖前敖后尽哀鸣
骠,一马当先，票上来,一马当先，票到手
郃,一人一口一个队
蓡,汉中残花带雨痕,小桥流水花前又
軎,古稀回归故国中,古稀回到故园中,古稀回归故园中
悴,心卒不知悔,心卒,七十二变心卒
棹,早上一别高楼前
苃,花前有意知音赏,花前有约会知音
霝,小雨点点落屋前,冷雨点点落,冷雨点点落，孤星点点悬,小雨点点落山间,冷雨点点落花前
剃,兄弟分别后,弟弟头上戴把刀
臓,明朝去西域
秲,香移寸土到堂前,香烟戒后去寺前,香烟戒后僧人至,香烟戒后去寺庙,香酥两可去寺前,香烟戒后僧虔信
茢,一夕人归草桥下,一夕人归草桥南,一夜花前列,一夕人归草底斜
煨,怕火,怕火墙上生
眆,眼前芳草离离疏,芳草迷离入眼来,芳草迷离泪两行
阗,不怕火炼是何门,名下无虚士
褧,失职之后又失衣
馿,一马入空门,千里之外有人家
訡,纵横谈今昔,纵横谈今古今,如今谈判
眶,眼前唯有王侧影,眼前唯有王昭君
鴜,此鸟堪称好模样,此鸟不叫,此鸟不止一只,这只鸟,此鸟只差一点头,此鸟堪称好鸟,此鸟只差一点点,此鸟不好看,此鸟不是好鸟
骿,肋骨并一起,肋骨并成一体,肋骨并拢,肋骨并排放
穄,月挂枝头祭松坡,月挂枝头祭松陵,月挂枝头祭鬼魂
噌,曾经去过方塘中
橼,缘定西楼结同心
藦,用手抚摸二十分,手折杨柳立花前
吖,丫头一走就哭,丫头一走就哭声
缛,剥去衣裳，十分羞赧,剥去衣裳，分明有辱,剥去衣衫，十分羞赧,剥去衣裳，十分有辱
揽,提前览毕,提前览览,提前览胜
鄫,故城遗址在今山东省枣庄市,曾经阵前阵后来,故城在今山东省枣庄市兰陵
蟳,十分景象闽中寻
蒾,迷上花前听吹箫
躶,果然有身份,果然藏头露尾,果然藏身,果然有身
腴,月落人去影半露,月落人去影摇曳
骾,骨头一齐变了样,骨头一齐变化大,风骨更兼修,风骨更兼修竹痕,风骨更兼修竹
唷,育苗有方
惨,一心参加大扫除
胠,云破月来,云破月来两相依,云破月来两不知,云破月来两依依,云破月来两地连
髟,头发下垂,头发已经垂下来,鬓边纹丝已减少
鐤,一对金鼎,一鼎金封,共赏金鼎,秋色笼罩鼎,金鼎
雩,大雨一下就变小,大雨一下变小了,连日有雨不盈尺
蝾,虫害枝头草难茵,虫害枝头草不生
谱,普遍说话,说普遍,普遍发言,普遍回答,普遍说明,普通话
啖,口中生火,高温预报,口中生火不宜多,一方热气高,一方相聚热当头
冷,寒凝令我心寒,凉风习习伴郎君,凉风习习伴人行,寒冰刺骨,寒凝令人心寒
藫,西湖一带草色新,花前湖边日正落
跚,步履维艰,步履稀疏入册中,册页没有头,册页没有前面,册页本末倒置,步履稀疏入画册,步履艰难入书册,步履艰难入后册
蠜,一行大虫藏林下,一行大虫飞入林
槛,十八监狱,十八相送入囚笼,十八相送入狱中
苶,花前人小总无心,花前人小两依依,花前人小两不知
頉,止页,止页一张,一封书到便止
絫,远山重叠落残红,远山重叠，近水逶迤
鮾,西湖美人鱼上钩
遇,番禺之行去也,此日登临偶相逢,番禺之行,夜半亭前偶相逢,番禺之行路漫漫
费,弗赖于人终招损
萢,花前慢慢听泡音
淖,西湖早上起太阳
擎,出手致敬,出手礼貌待人
鎴,自有金息,自有金莲心
筻,竹下一更斜
顿,屯田改革一书生,屯田改革一纸封,屯田改造一书生
樾,越岭南头树参差,越过桥头树正荫,越岭翻山入林中,越往林边走,越岭翻山越树林,越岭翻山越小桥
鱄,专鱼
蟒,虫害之中，犹如猛虎,虫落荒原，莽草凋零,虫落草莽莽
鴙,新月如矢鸟归来,新月如矢鸟翱翔,新月如矢鸟飞鸣
芖,二十载成就有目共睹,二十一人
竾,君子之交也
藐,二十载后来貌变,二十载后来貌改,二十出头貌如花
鰁,白鱼戏水
讏,说话不算数
綦,共同等候在异乡,昔日别后异乡逢,一条红线贯其间,一条红线贯其中
鲽,有鱼有草
睁,眼前竞争,观战前后,观战,眼前竞赛
礘,石头成堆日影中
閺,入门一文不值钱,明月照门前
囔,十口之家常叹息
舋,小桥上下一般平,同窗三载同窗聚,同窗三载同欢聚
眹,放眼江东独垂钓,放眼江东独垂钩
螭,孤帆远影碧空尽,离开闽中到山西,离开虎口,离开闽中到西北
嵋,峨眉天下无人识,峨眉天下独闻名,峨眉天下闻,峨眉天下绝无人,峨眉山,峨眉天下绝无双,峨眉天下秀,峨眉天下绝
畿,菜田里锄草
磪,山屹云端岩峭立，云端雁阵,山屹云端岩峭立，云吞月影,青石山下无人踪,青石山下影重重,青石山下无人迹
砏,分别意义重
裥,掩门无日不开门
睊,月照台前泪水流,眼前一片月,看上去只有半月,仰首凝思望蟾宫,眼前一片冰轮涌,仰首望蟾宫
榍,楼台半露月痕低
譌,言出必行,一言九鼎
潦,江西省阴有小雨,雨点点落大桥下,清明节前人归来,西湖归日小桥南
啉,林木参差少人迹,林木参差透曙光,林木参差错落生
凰,几度白头相伴侣,凤辇鸾舆乘风去,几度皇上化凤头,几度白头相伴君,凤辇鸾舆去几回,几度白头相交,几度皇上见凤来
秙,田里禾苗破土出,千载一时人变样,千载一时人相逢
铑,霜气逼人老,古钱
焦,有点点火
磨,石麻石,麻石作对,麻石,麻石作业,麻石结合,麻石作枕头,石麻,麻石为枕头
焕,奂然若披星,人间始暖光照面
嘛,口头挂麻
笍,竹外清光人独赏,人在竹荫下,一人在竹荫下,人在竹荫中,竹外一人影
豺,狼来了，狗来了
铝,双方合作出经济,双方合作出真金,双方约会在钱江,双方约会在钱眼
硏,石达开
扭,手遮丑
菕,花前一人一张嘴
碥,孤星残月映石扉,石户半掩护栏杆,石户半掩护疏篱,石户翻墙护疏篱,石户翻墙草蔽村,石户枕边草正生
辉,弱冠光军,太阳一出化军人,光荣退军
篛,个个比别人低
濂,广植树木，清除水患,广植树木，清除水患。,清廉至上广交朋
砢,河水奔流入石头
醖,黄昏之后日已西,黄昏时分日落归
嚓,视而不见，掩口而听
驙,千里归来一日还,一马回来,千里归人一日还,一马回來
膱,左边是月亮，右边是戈壁
瘿,少女怀孕,少女怀孕早
矔,眼前一片绿葱葱,眼前一片绿茵笼,眼前唯有草一片
幢,九龄少女,孤帆一片入里来,千里归帆影
喑,合唱,方言
郪,三十娶妇未为晚
荜,残花片片落草中,毕业之后花凋零,十载比邻花下别
韥,韋士渾身是寶物
痞,病从口入
铐,秋后测验,秋后金考,秋后考试,秋后统考,金考
捋,掌握一半,分寸要掌握
繀,丝林深处崔青色
祏,先君庙旁立
铮,千金争先,秋后竞赛,秋后竞争,千金竞赛
塌,地震前后变了样,日落墙西羽未全,日落墙西羽未丰
臋,殿下尽是尸,殿下一人尸
曙,早上署名,早上署,天气晴好署前方,天天署,天天署名
鄜,梅花依旧伴郎归,梅花依旧映阶前,梅花点点落阶前
鐍,金矛穿破八口城,矛头指向金锁口,金矛穿破八方阵
盳,眼前一片白,眼前一黑
鋈,一江流水泻大金,天上银河隔断金
蒭,花前双燕逐飞来
焓,戒烟之后人方归
酨,干戈一别到西北,干戈一别到黄昏,干戈一别到西域
蒐,十二阎罗
舵,七月飞舟它去也,七月飞舟它也来
鲼,山东变革有奔头
魁,斗鬼战,七星斗鬼,斗鬼,斗鬼七星
蔂,连日挂念在花前,连日挂念于草下
镙,四方归心系钱江
箖,个个入竹丛,个个争先入梅前
镟,转着圈切削用刀,转着圈切削零件,转着圈切削
粻,一米长安一米宽,一米长安一线天,长安一片余粮,不短不长一米长,只有短米长一尺,只有一米长
讫,言语已尽,话已说完,言语一声乞
锗,半导体,半导体材料
迺,一直向西
钕,巾帼英雄,金兰缔结姐妹花,金兰缔结知己盟,金陵美人何处来,金陵美人何处觅
罄,鼓乐之声播戎羌
酮,酒后一同去听歌,酒后不见有变化,酒后同去听吟诗
诼,造谣诋毁,造谣诽谤
锭,银行定,金定,银定江山一片金,开门取钱定有金,银定江东,定是银行,银定桥头人静立
壹,一桥隔断相思意,一桥隔断相思心
鹜,矛头犹向鸳鸯窝,矛头对准鸡
潋,敛容修竹一壶酒,敛容约会湖边人,敛容约会江边人,敛容秋波敛容前,敛容修竹一壶水
楱,二人相约去听琴
髌,膝盖骨，十分硬,膝盖骨折,膝盖骨,骨头有了兵
鈪,厄运当前，金厂相伴,厄运当前，金厂相助
炸,昨天的火
陮,远山犹带斜雁影,谁言无处觅封侯
葳,花前约会戈壁后,军阀割据草原上,花前约会戈壁上
燔,秋后的火番
酦,鸡年伊始
皙,十两白杨,泉水泻石析本质
蹈,不要用嘴舀水
揖,拱手作别,只手遮住耳朵,拱手相别各西东,拱手相别五指紧
榉,举杯不落空,举杯相庆,举杯相庆庆丰年,举杯相庆庆丰收,举杯相庆庆团圆,举杯庆贺春来早,举杯庆贺,举杯相庆迎春到
躅,巴蜀之行也,足迹犹留西蜀地,巴蜀之行,蜀道之行
蓔,羞颜半遮花半落,羞颜半遮花半开,羞颜半遮花半谢,羞颜半遮花半掩,羔羊出游
镐,秋收之后人高升,高攀不上，有钱来。,高攀不上有钱来,秋分之后人高升
齻,真牙,假牙不假
鐬,金止戈壁,金止戈壁烽火尽
鹾,咸味已除却
桁,行者休于树,木行不通,木行道,木行,行行插柳
蒗,落花流水半遮颜,含羞低唱浪花里
馑,一食堇色上枝头,野菜都吃不上,野菜不要扔
爨,大火烧到横山寺,毁林大火,毁坏森林大火,大火烧到桥下面,大火烧到横山桥
质,开源节流有重点,开源节流为改革
簯,人人为棋,个个对弈
嫌,千金兼收,兼有千金
陂,投石破开东南隅
瘥,病未去体已虚
螀,小将率先到闽中
斓,纵横天下文门中,纵横天下文门内,亭台半隐文门内,芳心错系文门客,芳心错许文门生,芳心错系文门生
艄,当头明月照画船,当头明月照画舫,当头明月照归舟,小船西行月当头,明月当头船尾随,归帆半舵月当头,当空皓魄映小舟,当头明月照扁舟
覵,放眼唯有一闲人,放眼閒聊,放眼唯有一闲暇,日暮方见新月升,少见有閒事,日暮方见月升起
鉼,三种东西混合金,三种货币混合金,两块金并起来,两块金并起
蛥,虎多,大虫比小虫多,虎多不猛,虎多了,虎多没有风
缜,细致入微,十分周到细致
胯,月中大会,月下独垂钓
瓤,一衣带水传瓜果,西瓜外销出国外
庀,一径花残犹半掩,残花一片落空庭
搀,手挽雕弓搭双箭
臄,月边叫卖卖猪肉
诚,有言在先誓不移,言成句,有言在先，就成功,谈成,有言在先，就成交,谈一成,成言,成言细语
碶,厂方联手定合约,厂方联合定合约
蕂,用心改革，必定成功,用心改革，必定取胜
舄,臼中微雨滴残花,臼中点点萤火虫,臼中点点鸟飞鸣,臼中微雨滴滴金,臼中点点萤火照
贠,上台作贡献
蓠,离别之后花前会,离别之后花凋零,离别之后花前月,离别后花前,花前离别正相思
雔,难舍难分又难舍,难舍难分又相逢,难舍难分手
碒,厂方提倡足下金,厂方提倡足赤字,石达开金
釥,小金小钱不值钱,小金牛,小金小宝藏,小金小宝,小金小银
岍,山下桃花依稀开,山下桃花放,峰峦峻峭开新月,山下桃花依旧开
秱,千里同心来合作,千里同心来相会,千里同心来日聚,千里同心来日月
訏,一言于天下,一言于公,谈于一言,有言于天下,一言于众,谈及此事
芨,花前曲径及远山,野径无人及蒿莱,花前曲径及草底,花前曲径及前程,花前曲径及残红
昴,日落卯时,明月隐约落卯时,日出卯时,日落卯时枝瑟索,日出卯时卯,日落卯时星已落
虙,一箭射中虎腹,虎心犹似箭
蚘,尤带孤帆一点红,闽中尤存虎头人,犹见扬帆一点来,尤带孤帆一点飞,尤带虎头入闽中
漭,江边一只狗，正在草莽中,莽夫江边一只狗,江边一只狗，在草莽中,江边一只狗，藏在草莽中,莽夫江边草莽生,莽夫江边草自生,江边一只狗，藏在草堆里
藧,花前慢慢吟来意,花前慢慢吟,又见花前慢慢来,花前慢慢吟来语,花前慢慢吟来去,花前慢慢吟来
鄚,暮日降落到东郊
榧,匪路纵横入林中,匪首持枪,匪路纵横入湘中,匪路纵横入困境
膥,肉末成肉
谘,人口结构欠调整,咨询
腄,仰望星月正低垂
祀,蛇年除夕,蛇年定有福音,蛇年有福音,蛇年庙会,蛇年古庙会
葎,花前旧约未成章,花前旧约定
膗,月出崔山高,月落崔山西,月落崔山高,月落崔山半遮云
鶜,茅屋半掩一只鸡,茅屋前头一只鸡,茅屋半掩香鹃啼
臂,月照辟谷中,辟谷清辉映幽冥,月照辟谷人独立
諆,其人其言其事,其中有人作证据,言其不预也
矵,石头砸出来,治厂有方开拓手,砸碎砖头
劳,勤苦终生功半空,非常辛苦,花前添点力,勤苦终生功半废,勤苦终生添后劲,非常辛苦，非常累
錗,秋來千里共婵娟,千金委员会,秋月分明照美人,秋來千金喜弄璋,千金委员
摒,一举夺得半屏风
嘤,宫中少女泪涟涟,有女怀春哭无声
陗,当头月照小旗飞,当头明月照东邻,当头月照东邻头
缘,异乡遇故人,异乡遇故知,异乡遇故知难聚,异乡遇故知难
豢,养猪有方法,养猪不要多嘴
秾,千里归人泪双垂
胼,清辉四起并高楼,清辉四起并举杯
椐,楼前古尸半入泥,湖中残月照枝头,楼前残月映湖心,楼前古尸半入空,楼前残月映湖中
稑,秋分之后两地分,八方来帮助，共建和谐环境,秋分之后土变样
肇,家在桥头聿当户,家在桥头聿未移
蠖,虫落草中又飞来,虫落草中又飞去
簌,竹林深处有人家
摭,扫除残雪二十载
螑,自大一点不可取,自大一点惹人厌
墒,土改时间往后推
鸻,行鸟归来,行行鸟
釛,点滴积累聚财力,功名终被削,点滴积累铸成金,功名终被削去,功名终被铲除,功名利禄,力求合金,点滴积累方有金
簷,个个参与共建言,个个参与共进言
龝,松下老龟藏树下,松下老龟藏古田,松下老龟藏暗处
鲖,海味俱备
軿,古稀之年两相依,二人合共七十二
降,阶前残月照客心,雾中笼远树，远山隔重峦,阵前刀枪并举,雾中笼远树，远山隔重重
稃,千里离乱子相随
骩,一骨九头,三骨九头
孰,夜半亭中独酌前
菴,电大办在东北区
鲾,四方同心鱼丰收,山东有雨，四方支援
窬,亏空一月人圆满,亏空一月人方归,洞庭月落人方归,洞庭月落人独宿,亏空一月人团圆,亏空一月人翻身
凫,几点飞鸿图上下,几点飞鸟归来,几点飞鸿阵阵来,几点飞鸟掠空中,几点浮鸭画桥,几点飞雁横空过
渫,廿载春水一木桥,廿载春水一木栽,木偶戏水,古运河畔木参差
脿,清辉一出表声响,清辉一出表声扬
袣,长袖一拂拂尘埃,长袖一拂居士前
鋫,秋收之后利当头,利字当头终是金,利字当头，莫要金钱
鈵,合金一人值万钱,合金三角,千金难买一柄刀,三分合金
鄤,转眼明月落，又到郑州,转眼明月落，又见曼陀罗,转眼东邻又相逢,转眼又到东郊,转眼东邻又一日
褴,有衣服监督,衣服监制,服装监制
菔,二十天内服用
蓐,辰时无日不开花
肞,星月交映日落时,文明互助会,文明互助,又见月当头,星月交映日西沉,又见星月升空明
锢,凝结的金属,凝结成金,巩固边疆
艁,造船厂出力
糗,自摆乌龙，不沾粉末
鎏,流水汇金,秋来泉水流
蜮,戈壁滩上一条虫,戈壁上一只虫,戈壁上一只小虫,扬帆破浪入长城,戈壁上一条虫,戈壁上一只虎,戈壁上一只老虎,戈壁滩上一只虫
茐,过节走马入花丛
窋,三星错落映重峦,重峦叠嶂上碧空
讥,几处留言几曾猜,机构改革谈几多,几处闲聊获解脱,先机已失错开言,几处留言
魇,厂里遇见鬼,厂里遇到鬼,厂里遇鬼
蛢,携手共进抵闽中,两只小虫并一起,两只小虫并排行,两只小虫并排站
禆,尊前卑后
遨,敖头包尾,还不去敖
雱,雪后芳草远,雪落万点,雪后芳草疏,雪后芳草没,雨点纷飞落远方
铥,千金散尽徒嗟吁,丢了锄头
詻,寄语各方,各立言字,各立一言
賹,有目共睹，慷慨解囊,损失一半仍有益
觐,朝见君王,朝见君颜,朝天子,朝见帝王
衒,行玄犹觉步履迟,一行玄色带残红,行玄犹觉步履艰,行玄犹觉步履缓
鲄,山东河内一日游
臜,月下赞扬
纻,织就一片春秋布
祺,吉祥如意
镯,三国鼎立闻钟声,金蜀声中雁阵来,金蜀声,西蜀多双钩,金蜀声中雁阵斜
荽,花前独酌过千金,二八佳人在花前
驩,马上相逢草底埋,千里相逢草桥边,马上相逢草桥下
雎,高楼前面且相依
翯,空中楼阁
藩,菜田除草得新苗,菜田除草得新芽
窕,帘下儿锁,帘下儿锁一钩,儿在窗前绕帘钩,帘下儿牵挂
埋,地下二层,十里地头,地里有一点,十里之地,地里有一半
罣,佳人无处觅芳踪,佳人无觅，转向空闺,佳人无觅，转向闺中,闺门半掩空掩映
鋭,金兑现
亵,褪却衣衫遮面貌,脱下上衣缝两针,褪却衣袍遮面貌
鉏,且散金钱
鵁,共同交鸟,八只鸟,芳心错寄相思鸟
鹙,香禽欲行入秋来,秋色笼笼雁阵斜,一半秋色鸟飞鸣,秋色笼笼雁阵来,一半秋色雁归来,火鸟归来近千只
駥,戎马一生伴枪声,戎马一生伴千军,戎马一生伴郎君,戎马东方,戎马一生伴千里,戎马烽火边,戎马西畴
鬃,额头上长几撮胡须
隘,阵前相助,陕西受益
熬,文火上煮成一锅粥,文火上煮
籆,竹丛深处又长草
碌,石头记者
锖,秋色到处芳草疏
釿,一斤金币,十两合金,十钱一斤
赲,步伐加快
赹,匀步,步调一致,匀行不加点,匀行
眃,云遮斜月入眼来
禗,四方归心，统一和平,四方同心共图腾
晾,清明之前到北京,从南昌到北京,清明前后北京见,安阳会京,北京日当头,清明之前到京中,清明之前到京
糀,花前人独立
礁,焦化厂生产,焦化厂出品
跹,北迁之后路漫漫
辀,车到桥头船到岸,车到桥头船到,古稀之年乘扁舟,车船相伴古稀年,车到桥头船到家,古稀之年乘龙舟,古稀之年乘轻舟
裣,剑影刀光动旌旗
艒,独倚扁舟看不足,独有飞舟看落日,独倚扁舟看远山
靴,人要革新求变化,人事改革有变化,人事改革化
纄,蓬莱远树系客心
靿,乡下改革添后劲,乡下改革有后劲
骥,冀东之马,冀中突围马北行,冀中突围马北伐,冀中突围，一马北上,冀马北上共相贺,冀中之马,冀马北上共一心
鏆,一贯用心，方能得金,一贯开拓，铸就大业
瓒,一半赞美一半钦,一半赞成一半钦
逸,兔子戴帽闲不住,兔子戴帽真好玩
磜,厂方设祭台,清明之前祭碑文,清明之前祭墓碑
艇,空中小舟朝廷前,空中小舟朝朝廷
顗,山中相思透纸页,山间豆蔻梢头,山水相思一笺前
蛘,远洋孤帆一片云,扬帆使舵入南洋
鵳,鸟窝月落鸟翻飞,鸟窝月落惊声起
犋,牵引犁、耙等农具的单位,牛眼半睁口半闭
蹿,向上窜向前跳,一走就窜
騼,梅花林下一匹马
饘,稠粥
熵,商业火灾,商业火锅,八口人预热
澜,半掩门扉半拂溪,门内无犬吠，门外有水寒
齰,昔日一别齒萌生,昔日一别齿变枯,昔日一别齿犹存
龋,蛀牙齿,蛀牙,蛀虫蛀口,蛀虫蛀牙,齿下有虫害,齿下长虫,齿下有虫
潲,西湖明月照楼头
魸,片帆西去垂钓钩,山东有片佳景,山东有片鱼,片帆西去垂钓处,鱼片
盝,台上留下足迹,血与血的记载,台上留足迹
禇,老头早上到祁东
箿,竹下一只耳朵,竹下取声入耳来,竹丛深处耳听来,竹下一只耳,竹丛深处耳边来,竹下无声取前音
犴,一来就是四方狗,独来独往干一言,独自坐下不罢休
禣,刚刚到村里
鑢,秋色笼舟入画中,舟载秋波入画中,心虑不足金虑尽,秋色笼罩四方心
訞,谈笑风生,谈笑风云,巧断无头信
殛,夜幕降临又一起
璜,玉无瑕，黄无疵
栌,卢前残月映疏林,断桥残月半遮林,卢前残月映楼前,断桥残月半笼烟,卢前残月照东楼,楼头残月映残花,卢前残月照疏林,断桥残月两三星,卢前残月照楼头
据,十口之家搬进来,一手遮不住半口,十口定点搬迁,十口之家搬迁居,十口定点搬迁入
秳,枝头莺鸟飞
绻,芍药开后半凋零
誽,儿在台北言不决,儿在台北言不定,儿在台下不发言,儿在台下不说话,儿在台北言不清
廓,府前子美闻郭声
昃,落日余晖,斜阳下厂里,斜阳下厂人,斜阳映落雁
鄩,十分景象寻底蕴
荦,劳心创业，一生奉献
湔,西湖一带马蹄痕,江西前程,江西前沿,江边一月到西湖,西湖断桥前,西湖一别后一月
漶,江畔轻舟荡双桨
喃,南方南方,河南省南京,南方一日游,河南方言
窫,大刀向上突破,大刀向前突破
碓,石臼,磨难之中立石碑
怩,花草凋零心不快,花草凋零情意切,花草凋零情难留,花草凋零情难了
翟,复习难点,复习难度大,复习难点难点
颟,先写一张纸
持,扫除残雪寺前生,扫除残雪寺前立,提前十分到少林,抬头见佛脚，十分虔诚,抬头陌上见佛寺,扫除残雪寺前行,抬头见佛脚,抬头见佛脚，十分虔信,扫除残雪寺前开,抬头疑是少林寺,抬头见佛顶
臊,品茶之后月相逢,月下品茶人不见,三十天品一杯酒,月下品茶人不识,品茶之后游东湖
趥,酋长一走就回来,酋长一走三十里,酋长一走兮不停,酋长一走三十分
涝,用力一点点,旱情溢于草下,重阳相逢水劳别
蛟,浊浪排空一点无,浊浪排空接远山
鞑,扬鞭奋蹄奔向西,扬鞭一蹙破霜蹄,达尔文提出改革
蚯,山岳隐隐闻闽声,山岳隐约闻闽声,浊浪排空接远山
裯,短衣半掩空中月,短衣外套一套,衣着大方周到
薜,居中难得辟荒地,亡命于草莽之中,居间休得辟荒地,逃之夭夭于荒郊,居王位，在辛苦之中,居中难得辟荒心
絭,远山重叠糸初成,远山重叠糸初生
鼰,鼠鼠分赃,鼠贝
阏,方人於门
靹,人事改革,改革内容
瞜,眼前一女似画中
魈,小鬼当头笑声扬
軈,孤身只影藏胸腹,孤身只影逐扁舟
硕,石页,石头记故事
瞑,放眼六桥秋色近,六桥如画秋波里,六桥如画秋波转
鲱,不是飞鱼,不是主人鱼,是鱼非鱼
谶,将来能应验
鞬,纵深改革步伐快,革命根据地
嗲,为父多加点
硝,昨日离矿东，明日来码头,小厂明月照石头
麂,鹿后几处觅新景,梅花几度相思后,鹿后几处觅新貌,鹿后几处觅新色,梅花几度春去也,鹿后几处是非多
訾,此人不是普通话,此人缺乏说话力,此人缺乏诚信,唯有此言不可信,此语无人信,此字不奇怪，胡乱说一堆,唯有此言不成文,唯有此言不成言
腧,别后一月人团圆,别后一月人方归,别后一月人归来,别后一月人相逢
骛,千里归来一矛斜
鬄,易寻三尺水
坜,增加厂内生产力,历经沧桑,厂里增加了人工,增加厂力
砉,远树两行映石头,远树两行映石窟,石头记者丰碑
嗨,海边一只母鱼游
鼾,鼻干,鼻干眼干
蛄,湖中隐约闻虎声,扬帆使舵入湖中
銶,一掷千金金亦多,求得金三角
筅,先生个个高兴,先生个个来,先生个个笑,首先要用毛笔
蜐,闽中重灾后
鮅,山东必有鱼
臐,香熏半导体,十月革命烈火烧,香炉冷却逐飞舟,十月革命烈火腾空
艕,旁有小舟一艘船,东方航空到西方,东方航空走西方,旁有小舟一叶飞,独倚栏杆看飞舟,旁有小舟载孤客,旁有小舟一叶横
飖,东风刮竹叶,随风摆动
艩,齐心协力把孤舟,船到齐后,同舟共济,一叶扁舟齊向西,船到齐後,船到齐
搛,手足并用兼顾前,手足并用兼顾
螺,连日奔波在闽中,四方环镇闽中央
慌,心不着急惹是非,心怀四化急当头,七十二变心不惊
赗,冒名顶替贾客人
鄠,雨后又见小阳关,清零之后到陕西,阴有小雨,雨点纷飞落陇西
齾,犬齿,犬齿多一半,犬齿多一点,犬牙交错缺一枚,犬齒,犬牙交错
湎,一面也没有,海面,西湖断面,一面有水一面无,水面没有一点面,西湖一面,一面有水一面无空,一面临水一面波,一面有水一面空
篯,一笔一笔扫黄金,一笔一笔人民币,个个来钱,人人有余钱,竹下一钩恰当钱
鲝,山东山西合养鱼,加工鱼类
镧,秋色满门杏半开,秋色满门杏半林,秋色入空闺
睇,兄弟两个斜视,兄弟个个都有眼,弟兄一只眼,兄台半隐看秋波
砛,如今已是石头城
颠,真题
媾,二女同行去塞北,二女相会在地头,二女同行去土改,二月少女同去土,二女相会去塞北,二女同去土改时,二女正在土山中,二女正在土山上,二女同去土生土
鹱,草底又见一只鸟
睠,眼看卷帘看八一,眼看卷帘头
靸,人事改革及后勤,人事改革及笔划,人事改革及前程,人事改革及笔耕
餮,夕食,一人为大餐,夕阳一落斯民饿,一夕人消食
锩,一卷钱,锋芒逼人卷后宫,锋芒逼人卷后尘,秋波卷来
騽,千里來人習之,千里來人習字
虺,远山隐隐一孤帆
碠,石头城外亭
莂,一别四十载,别后相逢在花前,一别后花前别,别后花前别
耦,番禺开垦
鸲,句中有鸟,鸟在句中,鸟瞰句中,句中没有雁,句中没有鸟,莺啼画桥落句中
茣,花前独酌听吴声
衟,同道中行,自己一行来,自在行行树正风
麄,三五小舟鹿角上,三五小舟鹿背上,三五小舟鹿角尖,分明是八角鹿,三五小舟鹿角渡,一分梅花三分鹿,三五小舟鸥鸟飞
犀,角牛尾巴长在肩
讝,严守机密,严禁喧哗
蔁,二十三立日,花前独立日
滠,江左耳畔总牵挂,又进一言动江东,又来江左报平安,又见江边耳朵回
鲈,山东离别，卢前变样,山东离别，卢前离别
缵,绝色无双赞后继,绝色无双赞助人
肧,一月不出头,不见西楼月如钩,不见西楼月不圆,不见西楼月不明,一月不来
耧,东楼半掩红楼梦
鈶,台湾金融,台上金牛座,台北金秋收,台上留下一段金,台北金台,台湾金币
霘,洞中有雨,洞中飞瀑如注注,洞中飞瀑如注露
覟,志士不得而见
裱,装潢工作,衣着引得表亲昵,服装展览
鄗,阶前阶下高旗扬,一高一矮不是人
魉,两个鬼头,两个鬼魂并排坐,两个鬼脸,两个鬼魂并排站,两个阎罗,两个鬼,两个鬼魂,两个鬼魂并肩坐
舲,令弟子离船,令郎君下船,令东方航空,令弟子离开
鳤,管鱼须先行
峦,山亦不同,八山耸入云雾中,山亦隐,山亦随之起,山亦不可山,八山耸入云端峰,八山耸入云端去
虚,作业本来就不实,业已空空
訙,一言九行
鲙,山东赴会,山东省阴有云
疮,仓卒不堪负重,病从口入浑身发,病在皮肤
疡,痈疮
醌,昆明湖畔日相会,昆明一日游,西安日见新月挂,西安日出比邻星,昆明一日比高低,鸡鸣鸟飞日已西
囊,广为收罗蓄水能,广为收罗总是为,广为收罗总为先
鋹,白头金长安,金长安,长安一片秋
錋,一对金朋
蛳,闽中名宿一师来
裺,电大办在寅时头
鲕,山东而今变样,山东而今变新貌,山东而今变了样
袃,衣着破了，谁在乎?,切下一刀衣,切下西装备,剪下衣服,一刀切下衣
脲,孤月残花带雨痕,孤星残月照江边,月落潮生水,孤月残花带露痕
鹄,先诉鸭后诉鸡,先诉鸭后诉,鹤鸣于野
盻,一眨眼就过去,亏得双方有眼,亏得双方有眼看,亏得双方都不看
菄,花前明月下，听取东方音
骡,马上返回田,千里归人累,马上相逢在田头
跄,步履维艰
妊,一千金
猸,独眉独眼双泪垂,一弯眉月照我眼,独眉独眼看四方,一弯眉月照横山
朊,元宵节后,元宵十五日,清明之前元宵节,正月初一元宵节
惴,高山而立心不安,高山而卧心不安,依山而傍心
獾,鼠头豹尾狐爪长
硣,望断崖边一孤子,石头孝子行,老头子石孝,石头孝子
碇,石定,石头敲出误敲定,石头底下定安定,确定后再定,确定无人会,石头敲定,确定无人,确定后再来
龆,齿尖犹如刀口,齿刀口
蝗,皇帝召见鸿飞将军,皇帝见了鸿爪痕
睖,横竖要看十三陵
靣,双方见面就回来
喳,一方查清
哟,起草合约,如约而行
烷,秋收之前无完人,秋后暑气消
詗,一方有言暗中查,一方有言暗中察
廛,八里庄园,八里庄里,庄里八十里,纵横里八地,里八十里,庄里八千里
揠,日女相携手
榜,旁边一棵树
碡,岩下遇水母,石化厂破了
縪,毕业之后到异乡
轋,古稀之年屢造橋,古稀之年古稀回,古稀之年不停步,古稀之年古稀逢,座中空空古稀回,古稀之年屢夺冠,古稀之年常驾车
颅,卢页
謟,滔滔不绝，信口如一,话到嘴边留爪痕,滔滔不绝，信口开河,滔滔不绝，一语道破,滔滔不绝，只言不兑
礇,大米向外出口,大米厂出口,厂方出口大米
驆,马耕田
鴺,天上弓弦落雁斜,天上弓弦落雁痕
翛,关公走麦城,关云长刮骨疗伤
犊,出丑只因无钱卖
荬,花前购来一套菜
絾,丝丝柳线织成一,丝丝柳线织成网
瘅,湿热症
臛,雨后月下杜鹃啼,雨后月当头,雨后月下杜鹃鸣,雨后月下犹挂念,雨后又见月当头
鰫,山东容貌改,山东面貌改,山东宽容容貌改
輂,共乘兩輪雲端,共建花城七十载,共坐二輪車,共坐二人車,共坐二輪驅,共乘兩輪雲端來,共同乘车,共乘二人车
硱,码头遇见鲁提辖
躛,足下一行也,足下一行走,足下一行
畹,宛如画中一夜春,宛如画中秋雨滴,宛如画中秋色浓,宛如画中秋月痕,宛如画中秋月影
晚,日落西山不见星,早上不要去,残阳落下隐山峦,残阳落下隐黄昏,一日不见,日落西山隐隐月,早上不用早
襦,冒雨而来袄,冒雨而来保暖衣,雨后依稀挂衣边,雨伞遮短袄
庾,此人广结交,庭前人共谈天,残寺破庙人栖身
龊,齿足
綀,束帛未成衣,一丝不线，一点不结,一丝不线，一点不松
磭,辰月照临石头上,磬声清绝月照石,磬声清绝月照岩,辰月照临石头城,辰月照石窟
鞔,革新晚,革新晚会
鲑,山东有雨，河南有鱼,山东佳景一日游,山东佳景傍佳人
磋,白羊石下工,白羊岩下工
轹,古稀之年喜相逢,车轮碾压所感染,古稀之年乐当头,古稀之年乐开怀
鈱,开口叫金，我也叫金,开口叫金，我就叫金。,开口叫金，我也叫金。,开口叫金,开口叫金，我也会做。
撙,摆脱困境得自尊
詟,说龙话,说是乌龙,云长帝王语,飞将军传言,恐龙说
稴,兼顾千金怕出错,兼顾千金怕失言,兼顾千金
蕺,昔日一别后，耳畔响戈声,十方耳戈,十方耳戈戈壁
鴷,一夜别后鸟归来
醨,西安离别,离别之后酒后空,西安一别,酒后离去心不安,酒后吐言劝离合,酒后离去心不快
齣,出口成句
樗,下雪之后梅先开,雨后枝头双蝴蝶,雨后枝头双雀飞,雨后枝头双飞燕,下雪之后双梅开
唾,垂下双眉向前看
笧,个个同册,个个画册
簥,个个同心助他人,个个同心助四化,个个上了天台
趯,羽落空中复行行,羽落川中复行行
簋,投石穿竹皿,投石穿个竹篮，投水塑成
煎,用火照前头,半点前来半点后,先前灬后,半点前来,半点前头,半点前后
糁,枝头参差雁阵斜
酇,赞助商增加出口,阶前阶后赞助人
噶,葛罗头
麎,晨昏鹿径直,晨曦未露麋鹿出,晨曦未露麋鹿归,晨曦未露麋鹿还,晨曦未露鹿蹄痕,晨昏鹿角半遮颜,晨曦未露麋鹿来,晨曦未露麋鹿奔,晨曦未露驱鹿归
磺,石化厂严禁烟火,石黄
垡,你左我右同进攻,人已退休事耕耘,我在西城边
徘,非得破格用人,非得破格选人才,非得破格选拔人
磁,兹声若雷石上响,兹声若雷石不存
趌,士须同心携手来,士须同心走,走士口供
脧,云破月来各西东
蟓,象鼻山下藏虎符,象鼻山下虎行踪,象鼻山下藏虎踪,象鼻山下一只虎
娈,山东的姑娘
迍,屯田之行
假,真的不是自己人,不是真的
蔴,花前庭前两依依,花前庭前两相依
獍,竟然是独生子,竟然是独儿,竟吃生猪肉
搴,寒省指日归,出手第一寒省亲,寒凝双手寒凝指,寒凝双手寒凝泪,寒凝双眸落指端,寒凝双手寒凝手
銌,义子金存,余钱不足,千金存,子美吟金首,子美吟金独自成,存款,存款有来由,千金存口
贉,早上买东西，先收钱再说货,早上买东西，先收钱再说。
綊,双人骑马上前线,人人一齐来大连
搪,一手唐诗,举手唐突,抬头陌上望长安
脔,心亦肉,心上亦肉,人亦肉,心亦肉松,心上亦有肉
剞,独留飞刀独为先,独留飞刀独领先,独具匠心大刀具
蜊,艋舟载利东来
渌,溪畔山水共相依,溪畔山水共一处,清澈江边山自闲
隦,迁都之地辟荒土,迁居阶前避乱土
釭,一江流水皆秋色,金工
纲,绿化带来清风外
挈,携手同心定称契,携手上刀手
窔,空中八拱桥,空中小桥隔绝交
槎,只差十分差
蜺,孤帆远影下，儿欲独凭栏,孤帆远影白头儿,孤帆远影下，儿欲伴钓钩,孤帆远影儿高照
貒,依山而傍猪
邿,阶前阶后十分低,阶前阶后十分依
蕈,三十日内到草桥
隣,岁末年尾夕阳西,岁末年尾夕阳下
錾,一车一斤金,合金小车
蠎,大虫害，水草枯
绫,十三陵前异乡逢,十三陵下初生红
绋,丝丝柳线萦弓索,丝丝柳线萦弓前,丝丝柳线萦弓箭
莩,廿载浮生付水流,花前月下藏钩子
锡,易寻金矿难觅到,一旦有钱就不错,易寻金矿难觅光,秋来易主,易寻金矿难寻找
鼩,句似松鼠,句似松鼠一口,句似老鼠,句拟鼠方寸,句中有鼠,句拟松鼠语
葲,泉畔草色映花前,泉畔草色鲜,泉畔草色半含羞,泉畔草不生,泉畔草色鲜艳
藛,花前临水写个字,花前临水写东川,用心摹仿写就,花前临水写点滴
鄱,画中秋色满阶前,画中秋色雁阵飞
鞚,改革空间,改革之后，空前繁荣
菙,花前约会草下别
筲,竹影临风月当头
蚰,曲折壕沟系虎子
膂,旅行之前来相会,旅行之前有目的,旅行之前来个月,明日去旅行,明日去旅游
鲻,山东一别四方逢
锪,转眼即到秋来,转眼即到秋色中
焊,烟消日出不见烟,烟消日出不见火
笊,个个争先喜上爪,幽篁叠影留爪痕
喈,皆不语,皆不语言,一语两倾心
蘧,遽见远山如远树,遽见飞花落草下,遽见飞花落草中
蕖,渠畔草色绿如茵,渠水断流花早落,渠水断流草木生,渠水断流草自生
赒,四方团结献丹心
苲,昨日花前听琴声,昨夜花前听琴声,昨夜花前听筝声,昨夜花前人独立,昨夜花前独自赏,昨夜花前独自念,昨日去花前,昨夜花前见
趄,且行且住,且在天边走,步行且归去,且在天涯走,且请走来
翕,复习目的不单一
顐,一封军书跌宕起,军书
钸,一片孤帆系金边,秋波一片系金巾,归帆半隐系金边
疵,这一病不起作用,这一病不能治,这一病不起,这是唯一毛病
耑,三山而立,依山而立,依山傍水而立,而今依山而立,依山而傍水,三峰错落而对,三峰错落而立,三山错落而相连
鸼,一只小鸟飞入船,一只小鸟飞上船
臧,左边有个小臣
眺,星月交映在眼前,星月交映泪痕在
猁,收禾获利在望中
铕,没有钱,有钱人出钱,有钱也要出钱,有钱却没有钱,有钱来当饭吃
阋,儿在柴扉间,儿在柴扉中,儿在柴扉,儿童活动室
鮣,鱼印
蛮,虫落巢中隐蜻蜓,山间蝴蝶飞,山间蝴蝶恋花丛,虫落巢中隐三星,山峦隐约蝴蝶飞
踅,携手同心足下行,携手同游足下行,十两足球,携手同游足下川,携手同游足下去,十两足
蝽,清明之前蟋蟀返,清明之前蟋蟀来,闽中重逢燕双飞
齽,禁止喧哗,森林被毁禁止入,禁止出入
蕧,昔日花前复相会,昔日花前复相逢
奘,雄心不减，大有人在
蝰,孤帆一片大地平,孤帆一片大江流,孤帆一片大地起,孤帆一片大江东,孤帆一片大地阔
脗,唇齿相依月西移,唇齿相依月中来
茝,花前方见小方塘,花前月下同怀古,花前独立小亭前
迯,除夕之夜不见归,夜遁之外
巛,雁横空飞,一雁阵斜
笎,个个争先喜迎春,南宋灭亡元建立
菦,近在花前听琴声,远离花前近
鴫,四周山色雁阵斜,田中雁阵近重阳,重阳时节鸟飞鸣,重阳时节鸟飞来,雁阵斜飞入画中,四山鸟飞入画中
麏,梅花君子,梅花依旧映君颜,梅花君子直,梅花君子似曾相,梅花君子一直来
簦,个个上登天,竹影点点上翠楼,个个上登竹板桥,个个相思上翠微
筌,人人安居,个个安全
蔱,杀头只在草丛中,杀头只在花丛中
饔,宴请宾客,宴饮
銙,赞扬金大
褠,袖套
埭,隶书十三点,隶属于地方,隶属于一地,隶属边境
鼪,生子当如一介鼠,鼠生,一鼠生
迸,同舟共济一道行,双双并肩行,携手同心走四方
諓,话锋相对
沱,它在河边
酴,余音一曲伴醉翁,独自沽酒邀清流
礓,三厂改革各有方,厂方提供混凝土,厂方提供矿石料
甄,瓦片层层叠叠,西沙瓦
碽,贡献大一点，建厂有方
谠,党内交流,党的口号,言而有信是党
嫫,莫生女,莫生男儿,莫生女色,莫让金闺怨
铒,老子失晚节,耳塞半导体
蜒,闽中前进抵延安
睋,先生看我,我的眼睛
磈,阎王殿里修长城
藷,诸葛如来也,诸葛著述
鏦,从来何处觅金来,二人手拉手，金蝉脱网,从来有钱皆不行
髅,三尺青锋入骨端,三尺青锋入骨中
匐,四方同心力无边,四方同心共奔前,四方同心力无穷
鼙,昂首前去鼓声扬
裼,服装改革
詄,空话,失信于人,失信之人有失信,人言不可信,只说不兑现
碕,大河奔流碧空上,放手开拓大有可为,大河奔流碧空尽
镓,家和就在钱江边,家和就在钱眼边,家和就在钱眼旁
鐑,结金结银,非合金结,结义金结同心人,结义金结同心愿
魰,渔村有文化,鱼文化,渔村有文章
聠,取而代之,耳听并排,耳听并立,取而又舍一而再
獒,一只狗，瞪着两眼，左右乱,一只狗，瞪着两眼，嘴巴长,一只狗，瞪着两眼，凶猛无,敖包,敖鬼,一只狗，瞪着两眼，其实不
锕,东阿阿胶
袝,整齐一点,衣服整齐,服装齐全
猊,独生子,独儿失独,独儿
袁,一衣带水入空堂,一口咬断衣服,一口咬断牛尾巴,一衣带水同归去,一衣带水同居士,一衣带水共赏台
葰,俊男靓女皆不俊,俊男靓女尽英姿
砫,石主,石头记故事
锋,钱不沾边,秋色融融客心牵
貦,分明是元宝,下面是貝元
鲗,山东有则改革
镪,强弩之末必有奇,强弩之末莫相违,强弩之末
鴢,幺蛾扑火,年幼鸟,幼鸟,幺蛾,年幼鸟不叫
踥,妾念君来迟
鄹,老子之乡邹县
鬳,属属不分,属属不分开,属属不分明
繑,袖口不露针脚处
鳓,山东变革有后劲,山东革新有方
累,连日奔波在前线,异乡日日系芳心,日日相系心上人,日日相系心中情,连日下乡,日日相系心田中,连日奔走在异乡
谉,审讯,审讯无人,审讯无罪
袂,袖子松了一口,袖子已断非常人,衣着引得心不快,袖子已断非寻常,袖子松了一口气,袖子已断不留人,衣着引得心舒畅
趤,走到岩下叫宕机,走到岩下见岩下,行到岩下走
釡,一字八金不值钱
哺,甫出茅庐召归师,合浦珠还亲朋少,诗圣大名盖国中,合浦珠还亲人别,合浦珠还,甫出京兆便饥渴,合浦珠还亲朋好
隗,东阎罗
冱,两点前后互相联,两点前后恰相逢
蓚,花前柳畔修篁里,古宅半隐修篁里,花前柳畔卧看修,古宅半隐修篁影
郘,双方约会在东郊,双方联合抵陕西
恹,大厂之狗总有情,进厂之后心不悦,厂犬一心讨人嫌,厂犬一心讨好,大厂之狗总无心,大厂之狗怕见人,进厂有犬心不安,进厂之后心不快
蛲,烛光点点晓风中
攮,提前购入便囊,着手囊中
箧,两个小箱子藏物之具
绾,牵线搭桥会郎君,牵连两地官
騇,千里之外有人家
馻,午后允许走动
癍,治疗白内障
蒌,楼头佳丽锁眉头,米芾行楷带草书
遛,送出关后暂溜走
惋,宛在心头，难以割舍,宛转双星心相随,良宵一到心宛转,宛在心头，难舍心上,一心宛转入红楼,宛转双星心相伴,一心宛转入西域
葖,穴居之中无犬吠,花前突出两个洞,花前突出一个洞,花前突出一只狗
犏,门外牛扁舟,门前牛扁舟
舦,飞舟一叶入太行,飞舟扬帆向太阳
鞣,柔软的革,柔革刚一过
属,蜀中残月照长桥,蜀中残月照长堤,古屋半掩隐隐虫
钭,黄昏一斗酒,一斗黄,黄昏一斗
鴥,白头鸳鸯藏洞中,白头鸳鸯藏屋前,白头鸳鸯藏洞口
迳,径向未到达
猬,月照四方獐鹿奔
芽,花的变化
蕌,草色参差透露晶
鶆,从来鸟雀不闻声,从来鸟雀不鸣
耗,耒下禾苗已脱落,耒下耒上添一笔,耒下耒上添新毛
鐩,遂金遂银,金遂,遂金不沾,遂送金遂,遂金遂玉,遂取南宋钱
綖,延长前线
鑛,广集金矿
襶,戎装半旧戴戈帽,戎装半旧戴城头,戎装半旧戴,戎装半旧戴草帽
迏,差一点到达
膭,清辉一出值千金
飧,晚饭,夜宴,夜晚吃,夜食,晚上的饭,晚餐
絺,希望寄与布希,希望寄与蛛网,布希,希望寄与蛛网下,希望寄与蛛网中
箹,私下里约会竹笛,个个和约,个个来约会
螖,孤帆一片骨头悬
潆,西湖草桥系芳心,西湖草色系芳心
猥,无人无犬不畏惧,无人无犬不畏
齛,世界齿科大会,齿行世界闻,齿世界,世居齿科
鍑,黄昏后复习
譢,遂与韩信说,遂言,言遂心遂,遂信,遂言不和,遂信无人
騛,千里飞骑迎君来,千里追舟向东飞,飞机离去千里归,千里飞骑御桃花,千里飞来一匹马,千里飞骑追千里,千里飞骑坐飞机,骏马飞奔,千里飞骑向东来
挟,断指再夹
脟,寸草沐清辉
凑,二人合奏
嚯,霍去病从口出来,雨后方见小雀飞,霍去病从口入
眎,目前没有目标
攵,文字改革见成果,文字改革见成效
飓,风云俱备
镅,一钩新月伴眉月
鍧,一钩新月话金边,一钩新月话从前
詾,匈奴语多,匈奴语,出言匈奴,匈奴方言
镗,夜半钟声到客堂,堂前堂后闻钟声,夜半钟声到金堂,公堂前面闻钟声
赇,求得理财终招损,为了金钱不惜一切,求得理财靠变革,求得理财后，反而不正直,求得理财后，怎能无为私,求得理财后，反而变了样
榕,容貌改观春来早,谷底积水入深林,容貌改观春色浓
胔,此肉吃不进口,这肉,这肉吃不够,这肉吃不得,这是一块肉
崞,子在山西巧安排,子路先行到南岳,子在山东巧安排,登上南岳享清福,登上南岳享清高
喟,四方归心明月下,四方同心明月下,四方团聚明月下,四方环镇月西厢
輋,岁末不见有飞车
笤,个个号召上前来,个个号召上前线,个个号召
蝼,孤帆远影入画楼,孤帆远影留楼前
荩,一夜花残草尽除,一夜花残草尽后
硁,厂方出工有劲头
莙,花前君子约,花前君子正模样,花前君子同,君住艹下,花前君子直,花前君子常相狎,君住草堂,花前君子常相依
摁,抓大放小合心意,大大方方放心应
斫,十两石头
蟊,星星之矛,一矛穿双树,一矛穿双双,一矛穿双剑
绰,早上一别卓飞君
舳,孤舟由西来,一叶扁舟由西来,由此船出发
阚,敢闯入空门,敢闯王家,敢入空门
関,天上星星映大门,守门员,大门开，莫当门
茊,丘前双燕正低飞,一斤高高的草,二十两一斤
螂,孤帆远影系郎归,孤帆一点伴郎归,孤帆一片系郎心
屹,一气之下上太行,少林乞食,一气之下上山去,一气之下上岗去,山下乞食人不还,上山乞食,上山乞贝利
铤,清光直照经筵前,秋色满庭院
鳂,有鱼害怕
鞨,曰字改革人变样
簕,为政施改革，人人有份,为政施改革，人人有奔头
篰,个个部署简书,个个部署简简,个个部门,个个部署简册,个个部署简简单
絷,执糸线上走,执手别离留糸,执糸挂糸
薇,花前几度露微笑
锷,亏得双方有钱来
骘,阶前陟马归来,阶前停着一匹马
锿,衣着破了，有放射性,秋收之后悲声起
炒,秋后少放油,晚霞如火少一人,灯多饭少
腋,三更半月杜鹃鸣
镈,刚满十分就用钱
垧,地头蛇口向东来,地头蛇口向西来,地头蛇口向后仰
菣,草臣又上奏折,又见草臣卧草中,花臣又别后,草臣又来会花前,大臣又来献花
舃,臼中有鸟飞不还,臼中有鸟鸣
鲲,昆明湖畔日相会,昆明湖畔日相聚,昆明湖畔日相逢
哳,折了不扣,拆东补西一套,折了不扣一半,撕去中间难辨析
鮘,鱼代有鱼,代有鱼,鱼代有人游,鱼代有人
镩,针炙通经络,穴中针炙通经络,大针上面串小针
嗬,荷池半溢听荷声,荷池半隐听箫声,荷池半隐听荷声
煳,秋后月下胡人住
盽,眼前秋色入画中,放眼江东秋色浓,秋收之后眼底收,眼前秋色近重山,眼前秋色近重阳,秋收之后眼前收,眼前一片秋色笼,眼前一片秋色
病,甲乙丙丁一起治
鍸,一字十口金，胡来也和尚
蚡,孤帆一片分南北
掾,断指再续续前缘,断指再续前缘
闼,达到大门,达人无门,进门就达,达尔文入室,达人之门,达尔文入门,达声闻家
胊,句拟东方月,句拟东方朔,月下句
砚,放眼唯有一方砖,石见,放眼唯有石头记,放眼唯有一字石
鍟,生日聚会在金顶,生日聚会在钱江,生日聚会在黄昏,生日在金日
鯅,山东省延边
坳,幼童活动有场地
肸,一月八十日
麖,北京附近有一鹿,京中犹有梅花放,北京附近有麋鹿,北京附中有一鹿
链,金连阡陌,金连声
焯,开水里略煮,开水烫一会,开水烫一下
籒,竹下一只手，田上一块土
鳀,是鱼不是鱼
抟,携手合作定传专,携手合作定传人
輐,古稀之年车已完,古稀之年车始成
蛹,舟泊孤帆渡甬江,舟泊孤帆渡甬道
稛,田里田外禾苗茂,田里田外禾苗绿,香酥两可靠捆绑
髞,高品茶,高品位,高品味,高产出品
栳,堂前老树依稀看,老树依然姿未减
粓,甘愿顶替米甘愿,甘愿顶替米甘露
瞽,鼓声相伴眼前来,鼓声相伴眼前景
锞,秋色笼罩四方林
碾,展翼石窟,石头展览,岩下展览,石展
胾,干戈一息肉丰满,干戈一息肉丰收,干戈一息肉上来
藭,藏身弓下廿载行,曲身弓箭落花前
跎,鸵鸟奔跑不见了,鸵鸟奔跑入镜头,鸵鸟奔跑各西东
凝,疑点难分辨,疑点难解
菬,沼泽半露草不生,沼泽半露草色新,沼泽半露草半枯
瘁,病从口入致死
笥,个个同司
筢,个个把竹刀,个个把竹排,竹下一把刀,个个争先把竹栽,个个把竹签,个个把竹排好
鹐,焰火腾空鹦鹉飞,焰火腾空鸟归来,臼中落鸟,焰火腾空鸟奔走,焰火腾空鸟飞鸣,白头鸳鸯卧臼中,击臼鸟,击臼鸟飞
缣,不计前嫌团结紧,不计前嫌团结一心,不计前嫌团结一致
蹯,番外之行,足番,足下番番
鹛,眼前一只小雀儿,画眉栖处好闻声,画眉鸟,画眉亚科各种鸟,画眉栖处一只鸟,画眉山下一只鸟
鞒,改革乔迁
胨,明日去东瀛
麧,麦乞
闿,我家岂容许,岂容我在空闺中
诐,东坡先生说,东坡先生语
錃,波金,波光四溅溅金钱
菧,花前底下藏古碑,花前底下藏高堂,落花时节，见底
勃,点滴着力孛合成,点滴累积孛力增
箯,个个乘风便,人人方便
譟,三方合作，交流发言
巅,十里颠峰,颠倒只是在山颠,山颠倒，云低垂,山颠,山颠倒
脮,月满西楼，妆台初启,西楼少女月西移,月满西楼美人居
菭,花前湖边治水患,台上无人倚花前,花前湖边治蝗虫,台上正看花半放,治愈台后花早谢,治愈台后花凋零
硽,电大办在石头上
韷,岁岁除夕音如故,岁岁除夕音乐会,岁岁除夕音传来,岁岁除夕音容在,岁岁除夕音聚首,岁岁除夕音聚会
蟮,善始善终一条虫,虫入鳝鱼口中游
髂,一行白首入客中,一行白首入客来
蛾,我在舟中
鼬,由左边出一只鼠
耕,井边耒水流,井边耒水运,井边耒水已干涸,井边耒阳,井边耒水清
绗,行行结伴侣
煤,烟消某处又闻声
齸,牙旗猎猎定有益
荙,达尔文在花前
謱,十女正在言相投
罃,长颈瓶
雹,雪落包头,雪落泉下终成包
篌,一直等着侯,一直等候在前,一直等侯,个个封侯,一直等候在候审,一直等候在狱前
伽,人人另作安排,一人另作安排
鵼,窗前江水清鸟飞,穴居江左一只鹅
蔸,兜里装着一百克,兜里装着一点儿
羙,大火烧到羊身上,大火烧到羊城边
辙,古稀回归育后代,古稀之年育后代
靉,雨后爱心添一点,雨后爱心添一颗
袋,代购前衣,现代时装,现代服装,一代服装,现代服饰,一代风衣
僳,左边一人一斤粮,左边一人一斤米
顝,一张补骨頁,骨頁,骨页
蔄,花前问柳下,花前有问,花前有问答
彖,前缘已断后缘续,断缘又续前缘续,断缘又续续缘,断缘又续前缘,前缘已断续前缘
槌,追根究底,追击柳边半树林,追击柳边半树荫,追根溯底
頳,朱批,红底,红页,红页一张
酢,昨夜西沉日落时,昨日离开西安
邶,塞上雁阵北掠过,塞北雁阵连千里,塞上斜阳照北院
鳷,又见白头支前枝
嘬,最后一日游,最后一日是元旦,最后一天
菑,曲水环山映残花,群雁低飞草田上,群雁飞近草田旁
蛰,执手别离虫阵前
践,步履艰难,足踩实地走一回,言出必行,脚踩实地
轘,古稀之年衣不整
膵,花前月下两依依,月挂花前两依依,花前月下两相依
籇,个个家中有,竹下一家,竹下一家半
熨,十分明亮，十分热烈,十分明亮耐高温
祳,清晨琉璃罩社前
堀,城西残月出
笣,个人承包,承包到人,个个承包,个个来包头,个个包头
镥,山东邹鲁
袍,承包到人
貂,解困之中召唤虎
葮,花前段,花前段，叶后续,花前段，叶下段,花前段落各一方,花前段落各西东
黝,黑幺
縡,宰羊杀狗不叫人
霣,大雨落在小屋上,大雨一下降下来
齧,刀齒並非鋸齒,刀齒,刀齿,刀齒鋸齒
绀,同甘苦后到异乡
鱿,尤有鱼头俏,尤有鱼头,山东尤有山
铛,秋后当归雁阵归,秋后当归雁阵斜,秋收之前当掌柜
覇,二十四小时革新月,月落台西照故乡,月落台西照故居,月落台西两相映
缻,一钩新月破瓦前,一钩新月破瓦砾
藣,花前月下共凭栏,花前月下会知音,花前月下两依依,花前月下共相逢,花前月下两相依
荘,壮士倚阑干,十二壮士,廿载雄心壮士归
隥,登上桅杆望东方,登上桅杆望江东
袗,衣着华美引人爱,衣着华美引人归
肜,月照台前影摇曳,月照台前影瑟缩,月照台前影瑟索,月照楼台影半残
蕜,花前无心听萧声,不是苦心人
悻,幸福在于心相连,幸福在于心相随
蜴,易寻三尺龙,虽说搬迁，并非容易
翊,楚霸王自立
膯,孤星伴月上重楼
傩,为人难，先入群,人难当上排头兵,为人难，先入困,为难之中又出人,为人难
噎,十粒豆豆入口来
筣,利字当头个个空,个个获利,个个争先利
靰,二十一中聚首
鳔,山东无票
啾,一方秋色笼四方
耈,堂中一老正垂钓,老句一句,老句,老字号,一老一句
踀,足下无多
誖,十载桥头相聚成知音,十载桥头相会成知音
蚱,昨夜蝴蝶飞,昨夜一帆风里去,蜻蜓立钓丝,昨夜隐约萤火伴,昨夜一帆风乍起,扬帆昨日行
硷,刀光剑影入石头,刀光剑影上石头,刀光剑影上崖头,刀光剑影上崖前
羜,主动求和是好样
粢,一次借来两袋米,一次借米,一次借来八角钱,一次借来三尺米
圉,国庆的早晨,国庆的早上,国庆逢春
豠,猪八戒去庙里
覅,千金要不得,勿要二字合,勿要二字联,勿要一字生
痈,厂里没有用药,病急乱投医,临床一用除病根
碅,四方共聚庆丰收
霮,雨淋漓漓透半边
谌,甚有道理可依靠,甚有道理,甚有道理可依依,甚有计划,甚有道理可依据
嶂,山立日中宵,山立日当中,山立日当头
龇,如此少女,如此少女却无言,如此少女却无心,此生谁吐言
鋎,结束语句金榜题,秋收之后,秋收之后金钱多,秋收之后再聚首,秋收之后金犹在
箢,画窗半掩竹叶斜,画窗半掩竹叶残,画窗半掩竹影斜
輀,因違規而停車,因車而異
閯,月光如注入空门,清闲之中拂窗帘,清闲之中拂门帘
粲,又得一米来,又进一米,又生一尺米,又进一尺米,又生一米,又得一米
鷣,早上鸟飞入太阳,早上鸟雀噪,早上鸟归来
邔,我在新乡,记者为人不正,我在阵前
箾,个个削竹编月,个个削竹签,个个削竹板,个个削竹叶,个个削竹,削竹削竹,个个削竹编竹,个个削竹笠,个个削竹丛
繟,花草凋零人独立
眅,饭后不见饭
鼖,花前依稀闻鼓声,十载起飞闻鼓声,花前相会鼓声传,花前相会鼓声扬
砰,石干不分干
耎,一一而大,一人而坐,而今天下大变样,一人高兴而归,由小变大
惝,同心结同心,同心改革共前行
蟹,牛角刀下虎头生,牛角上的虫
祮,士别一日
镞,金族出钱,金族集合,金族出口,金族
鲚,山东省济南
锏,清闲之中日当门,中秋节前去踏青
頨,羽翼光华入页来,羽翼光明入页来,羽翼光明入页中,封面羽页
駜,一马必行,千里必归心似箭,千里必有一日回,千里必归心,千里必归
悖,十载桥头一勾心,十载桥头心相牵
铼,秋来柳梢头,秋来柳梢初吐芽,秋来雁阵一行斜,秋来一树梅半放,秋来一树梅半开,秋波送来一枝残,秋来桥头一树残,秋来桥畔柳丝飘
隂,雁阵横斜过马路
鋆,均匀分配,平均金,平均金额
飒,站风不正,站在风口
茽,仲谋二十载
鴹,未见美人先啼鹃
鈇,金人迎娶,一对金人,金人相会,二度金人
搭,一人一口一只手
禔,一一满足方倾心,一一满足就高兴,一一满足就宽心,一一满足就是好,一一满足,一一满足就称赞,一一补足就对了,一一满足即是,一一补足就是好
维,一丝不挂难舍心,一丝不挂难舍手
鮋,山东变化由我负,山东一日游,由山东出口,山东变化由谁负,山东变化由我负责
砘,石屯
繬,二人西归，一同回来,二人西归，一同回归
嵌,甘愿去爬山,山里甘欠帐,甘愿掉头去上岗,山谷深处甘当差,甘欠东山再度来,甘愿掉头去上山
硄,似玉无瑕，恰如岩面,似玉无瑕,清辉映石头,石头光,似玉无瑕，恰如岩头
憧,童心,童心未泯,童心已泯,暗无天日不安心
嘣,山崩月落映小桥
隅,番禺之行,番禺
傣,人在云南团结紧,泰山人聚首
葘,群雁飞近水田旁,曲水环山映残花,一水曲曲雁阵飞,曲水环山雁阵连
霪,雨点点滴溅玉珠,雨一下就变坏,雨点纵横天下间,雨后孤星泪涟涟,雨点纵横天下去
鱯,又到河边,又到草桥畔,山东又见草色新,水边又见草色绿
蹶,足厥,厥后不足
褎,衣着破旧貌已改,衣着破旧貌变样,衣着破旧貌一变
纒,点点营火照庄前
酰,先到西安,酒后拟与儿相会,酒后拟与儿相狎,酒后拟与儿相似,先到西藏
藚,花前旧债已消失,售出草药
诌,信口胡说心不安,心急如焚不可言,信口胡说出个题,信口胡说编瞎话,信口胡说,心急不可改革言,胡说乱说,胡乱编造无人信,信口开河
鼘,鼓声起兮鼓声扬,鼓声犹带鼓声来,鼓声依旧鼓声扬,鼓声起兮鼓声响,鼓声依旧伴鼓声
虃,蒿盈草亩，韭补禾苗
镖,徽班进京唯一票,一票现金
閟,必定入门,必有闲心,必然有门,入门必定要小心,入门心不恼,必定有门,必须入门,必入无门,入门必先洗,入门必然有心
铜,金银散尽,一片丹心共为钱,一片丹心共为金
綎,朝廷禁止射雉,朝廷禁止杀青衣
骔,一马当先驱
苅,风中错落花凋零,花前错落两依依
礮,石下飞马向东行
牍,大片销售,十载一片卖,片约半载销售额,片刻销售
懔,心禀赋诗,回来一心向上报,回来一定要小心,心禀赋才,心禀赋,心禀赋赋,一心向上报喜,一心向往回报,一心向往回报社
鎗,四方金元盛世昌,非合金倉
詸,堂前堂后闻米语,堂前堂后闻米声
黶,明月当空犬叫声,明月当空照犬群,明月当空犬犹吠
蜎,孤帆一片月边来,孤帆远影月西斜,孤帆一片月中悬,孤帆一片月朦胧,孤帆一片月如钩,扬帆破浪去，孤帆一片月,蟾宫有位如钩月,孤帆一片月西移,孤帆一片月相伴,孤帆远影下，月下犹挂念,孤帆一片月西沉
嬴,嫦娥临凡
奂,焕然长空映红颜
捩,揪住虎尾巴,揪住虎头不放,揪住虎头偏不放
苿,未到蓬莱不罢休,未到蓬莱去,花开之后未相逢,花开之后未逢人,花开之后未见花
砾,石乐当头,石乐之声,石乐,石乐山,石乐无边
竌,几度立下来,站了几天,几度立功,几度立下功
襁,强弩之末，服务之初
鼫,鼠石,石鼠
麀,花草凋零梅花残,花草凋零梅花谢
礑,石榴花开入画中
抚,有手扶植无手,一手撑破天,一手通天,手无寸铁,有手扶持无手,有手无脚
藮,枕边萤火伴残花,小林深处萤火明
镒,集资为益
檑,田里雨后长青松
蛴,一齐到闽中,一齐来闽中
葟,白玉无瑕一一君
翜,雁阵两行相对落,楚兵千里入关中,云长月短双飞翼,楚兵千里入关前,飞羽大连天下,飞羽大连天
矟,明月当头舞长剑
腺,泉底月朦胧,泉底月光映孤山,泉底月相伴,清辉照水泻明月,清辉四射映泉边,一轮皓魄映泉边,泉边月色映浮云,清辉映水泻云端,月落泉边映残阳,一轮皓魄映池边,泉边隐约见明月,明月西移映水流,泉底月光映孤泉
臕,鹿角花前月相伴,鹿角冰轮月相伴,鹿角悬空半遮天,鹿角悬空月相伴,明日归来鹿蹄痕,明月当空鹿蹄印,明月当空鹿蹄迹
蓷,二度花前共举杯
馒,转眼明月上，又见炊事员,转眼明月落，又见炊烟起,转眼明月落，又见炊烟升,一日不见，饥肠辘辘,转眼明月上，又见炊烟升,转眼明月落，又见炊事员,转眼明月出，又来叫馍馍
锻,一段秋色,黄金时段,段钢,段钢丝,一段秋色浑如睡,一段秋色下西楼,黄金一段
糕,米未熟时宜宰羊
芥,花前两对恋人,花前人影两相依,花前一介绍
鞫,改革之言,谈谈改革,改革发言,人事改革有方言,改革口号,改革有言,改革谈
曦,羲之东去也,曙光照在羊城边,羲之殿下沐朝阳
禋,扫除尘土以求福
篼,个个去兜,个个去兜了,个个去兜里
咙,独龙戏珠,独到龙头叹离别,一口咬断龙须骨,一口咬断龙头
筭,个个上前线去弄,个个上前来算帐,个个来算帐
衸,裙子正中开衩处,衣冠不整一介人
焰,炬前照臼下,炬前照臼中
藘,有心留恋草底下,四方归心在花前,四方归心护花前,四方团结在花前,有心留恋草下藏,有心留恋草下生
蕚,品茶无人赏花
笐,竹影横斜雨几时,竹竿几点缀清篁,竹竿几点拂风去,竹影横斜月几多,竹竿几点拂风来
繂,开垦荒土，率先引水
煦,似暖和，实暖和,似暖和,暖和
痊,病中求全
雠,有话难讲,与人解说
屙,阿里山下残月映,阿里山下残月露
堕,阶前皓魄映城头,阶前皓魄映城西
瞻,眼看左边无一言
硇,囟门在石头上,囟门在石头,囟门在石头中
摄,聂耳双牵挂,耳朵又进一寸
篂,竹影摇曳生当头,竹西一日生,生日聚会在竹荫
酾,一色尽是西施好
蔊,烛光暗淡草色疏
谳,献计献献,献计献艺,献爱心，说献血,献计献计,献计献策
膳,月善吟,善始善终吃一月
鷷,鸡到村头鸟飞鸣,鸡鸣时节鸟飞来,鸟瞰村前夕
霅,一夜无言听雨声,大雨之前有预报
釱,一旦有钱就要大,天下有钱人皆仰,天下有钱人皆有,一旦有钱就大发
盇,盛名之下大变样,一人一点血
録,录后金录,录金录水,录金录,雨中金榜题名,金山记,录金录银
铰,甩掉尾巴交钱,甩掉尾巴交上钱
阑,月光洒进门柬,月光照进门，莫作木字猜
睿,智慧之心,仁智之见
鋵,几度秋波带雨斜,几度秋来枕木残,几度秋来枕上添,秋来几处是秋色,秋来几度又重阳,几度秋雨润秋色,秋来几度又重来,几度秋来枕上金,几度秋来枕半残,几度秋色满西楼,几度秋波带雨痕,秋来几度放金钱,几度秋来又黄昏
猗,一犬吠形，大有可为,一人一口一只狗,大河奔流狗不鸣,大河奔流狗独行
眊,眉毛眼睛底下长,观毛,眉毛眼睛鼻子嘴,眼前一片乱毛,眉毛眼睛鼻子底
嚏,十口之家，鼻如悬针,十口之家，鼻如悬口,十口之家，鼻如悬胆
趪,走近黄河边,走近黄河,黄昏方去不复还,黄昏方去不见人,黄昏方去不复返
鹑,夜半莺啼口角开,夜半莺啼口角声
蒑,残花一片殷,残花一片殷勤人,残花半簇殷勤人
骺,先骨后壳,先骨后血,先骨后筋,先骨后髓,先骨后肉
喱,厂里添丁,厂里搞合作
鈤,来日定金钱,秋分之后天已明,来日定金榜,黄昏时节,夕照金陵,秋色近重阳,金日依旧
鼤,鼠文鼠武
牝,花草凋零牛耕耘
菵,罔念前前二十载
肙,明月当空照台前,明月当空照堂前,明日去听音乐,台上明月正当头
竢,台上无人站矣
笭,个个传命
葡,匍匐匍匐草下,匍匐草下过草桥,匍匐草下草底藏,匍匐草下草上生,匍匐草下草不生
腃,清光如注卷首诗,清光如注卷帘看,清辉一出卷帘看
擦,观察前辈摩拳头,观察前提
赆,失败之后有所收,用尽宝物仍不剩,贾客散而复聚,用尽宝物仍不闲,尽弃宝玉玉无瑕,千金散尽徒尸走
赀,此人正好有钱来,此人正好有钱,这是一个宝库
蟿,登高望远帆影重,依山而立见虫踪
筰,人人合作,个个合作,个个来作演讲,个个来作陪
簑,衣服破了
鸰,指示鸟
鏊,敖东金,敖头金,敖头金牛,敖金,敖东金牛
勖,目力不足须用力,勉励后生力不足,目前无力须用力,目前唯有两点力
蘔,百亩秧苗吐新芽,百亩秧苗换新容
鶃,一只小鸟飞上枝,一只小鸟飞上林,一只鹅儿衔泥来
舷,玄月孤舟看不足,玄月孤舟听弦声,玄月孤舟乘风去,玄月孤舟一叶舟
贁,负负得正，各有份,失败之后各奔逃,败走麦城,负负得正，各自得钱,负负得正，各有所得,一败涂地,败走东方,一败如山倒
磲,渠水断流断桥头,渠水断流断桥边
鴧,几点白鹭筑巢,几点白鹭筑窝巢,几只白头鸳鸯卧,几只白头鸳鸯飞
屣,徙居屋前,徙居屋上,徙居屋前止,徙居屋前止步行,徙居屋下
廨,广角牛,广角刀下解困境,广角刀下解牛心,广角刀牛,广角牛排上前哨,广角刀来,广角刀下解放军,广角刀牛座,广角刀
缂,丝革之后，乡下变样,乡下变革引人归,丝织城头革新景,丝织城头革旧貌,乡下变革引人来,丝织厂改革
褓,衣着入时保清静,依依难舍保边关,有人依靠保密,衣着入时保清洁,确保有衣穿,依依难舍保边疆,衣着引进保安全
轱,古稀犹得古车回,古稀回归故国中,古稀回归故园内,古稀回到故园中,古稀回归故园中
蓟,花前湖畔鱼游,花前湖边鱼游,鱼腥草下藏钩饵,花前垂钓鱼上,花前湖边一钓钩,花前鱼上钩,鱼腥草下无处藏,鱼腥草下隐钓钩,鱼腥草下藏鱼钩,花前垂钓艋舟
割,害及刀口
咂,口中帘钩垂下来
魃,鬼魂又复来,又见阎罗王,又见阎罗,鬼魂又复归
鳊,山东有一户
鑮,献点爱心十分多,献上一点爱心
镂,秋色弄影楼台上,秋色半楼低,秋色半融入玉楼,秋波送走西楼女,秋色半楼高
窣,三三两两立窗前
耱,荆条棘刺石上飞,荆条刺骨石板心,石作枕头耒作床,耒水直流石头底
蔿,花前一只小鸟飞,二十四点鸟飞鸣,花前一只小鸟
搅,提前一天觉不错,提前一天觉不适,睡前不见提前到,提前睡觉,睡前不见提起来,提前一天觉得好
遘,走到前头会遇见
冁,独展双拳,独展新姿赋新意,独展双眉笑盈盈,独展双龙,独展双眉画远山,独展双眉笑桓公,独展双联,独展双眉笑桓灵
詅,一言令人发笑,一言令下,语令
鼱,鼠年迎春到,清鼠
鶕,鹂鸟飞来报好音,鸟声啼处闻声禽,鸟声啼处无声处,鹂鸟飞来听鸟鸣,莺啼画桥听鸟鸣,鹂鸟飞鸣,鸟声啼处没声音
苽,种瓜植树不见村,种瓜植树不见人
憝,敦促后辈要用心,敦促后辈要虚心,夜半亭前写心得,敦促后辈用心改革,敦促后辈，要虚心
溥,浦东十分好开放,浦东十分需要人,浦东十分好用,浦东十分依然,浦东十分吸引人,浦东十分依旧
鰜,海味俱备,海味俱全,海味俱下兼收藏
穟,遂见秋月挂枝头,遂见秋月挂西楼,遂送秋波去,遂见秋月挂眉头
觚,瓜蔓抄来东北角,瓜田李下角连理
鋊,秋收之前，粮食出口,秋收之前，汇报粮情,秋色入金谷,金谷,秋收之前，汇集粮草
赊,一半财产留人间,一半财色一半货,贝字减两点，不作余字猜,半数现金仍不足
詹,小厂八方闻吴声,小厂八方闻吴语,东厂八方闻吴声
第,个个上弓,个个用弓箭,张弓搭箭射向前,张弓搭箭射入竹,张弓搭箭射前方,个个上弓弦
鸹,鸦背夕阳无故人
蹬,登上登山望远山
薠,焚书只为逢春住,怒潮四起草新书,诗稿虽焚心不快,诗稿虽焚愁未了
鎌,重赏之下兼收罗,千金兼顾,兼顾千金
蒨,倩人不见兮花前,倩人不见兮花前会,倩人不见花前来
餍,大吃大喝,大厂粮食,大吃一顿,大厂主食,大厂相食
覊,马上改革要奔走,千里奔波为改革
縢,团圆月系故乡心
仉,几多是非惹人怜,人到几时有,几度相思画中人,几度易主尽骗人,人间几度画中来,几多是非惹人厌,几多是非人白头
簰,竹子挂在牌桌上
醥,酒后公文看走样,酒后公文看半清
赉,来者乃是贾客人,来者都是贾客,来人就是贾客,来人正是贾客人
鎯,千金郎
醮,黄昏时分芭蕉旁,酒后焦
淘,西湖垂钓钩,江边垂钓钩,用水冲洗去杂质,西湖边上正垂钓,江边一钓客称妙
彝,一丝一线青草铺
簻,个个过来助四方,个个过来助头阵
蘁,二十四王
阌,放手开门受委屈,入门就受益,入门就享受,入门就受委屈
胬,又添一肉,又生一女肉苁蓉,又生一女肉包头,奴身
繣,画中一人衣衫破,画中一人衣衫少
儋,一厂八方发言,一厂八方闻吴语
啷,日落西边郎归来
鎭,眼前一片真金白,一片真心感激金
蕻,共植草木保水土,共植蒿莱草自生,共筑花墙雪底埋,共树两行草,共植蒿草除弊端
輈,古稀之年乘扁舟,古稀之年乘龙舟,车到桥头不见船,古稀之年乘轻舟
纳,丝织厂里变新貌,丝织厂里闻炮声,丝织厂内外,丝织厂里献丹心,丝织厂里传家音
锅,秋收之前，金币在内
簇,人人团结一点,人人团结在一起
筂,池边曲径竹影稀,池边竹影临轩窗,池边竹影动,竹下一只池,个个上池,池边竹影临风来,池边长青竹
麾,麻毛,树上斜枝半遮麻
邋,风吹皱，雨淋淋
缱,前线有人来助手,前线有人来支援,前线有人来调整,前线有人来调解
鐏,酉金尊,金尊,酉金归来,恰好是黄昏时节,恰好是黄昏时候,酉时金尊
矀,眼前微风拂柳丝,眼前微雨过眼前,眼前微雨过墙头,眼前微雨过云端
插,提前十臼
翃,云破月来复习,云破月来羽欲飞
嘀,咕嘟嘟嘟，咕嘟响声,咕咚咕咚,咕嘟咕嘟,咕嘟嘟嘟，咕嘟咕嘟,咕嘟咕嘟，和尚拜佛
嚼,日落之时爵位升,日落之时爵位空,日落之时爵位移
岫,山下曲径通幽谷,山下由来数第一,山下曲径通灵霄,山下曲径通南北,山下由来二十出,山下曲径通南岳
齺,咬物时上下相碰,咬物时上下相拒,咬物时上下相交
睧,日暮方觉昏,昏昏暗暗,日暮方昏觉自昏
鑪,秋色笼罩四方,秋色笼罩四方，波光掠影映
罁,山势尽与冈,山势尽与冈前行,山势尽与冈峦连,山势尽与冈峦叠
肣,今日相逢在西湖
驡,千里追龙
聬,忽闻关公起解语,忽闻关云长,老子出门唯闻关,老子出门唯闻道
筐,荆棘丛生匡王城,个个匡扶正派
煮,有水能使饭,有水能使熟
慊,一心排除三合一
葻,风吹草低见新芽,风吹草低见牛羊,风吹草低见高楼,风吹草低见新颜,风吹花影动
蠓,远帆一点草色新
遽,不要急着走,不要急着去
軘,古稀回到故园中,屯前停着一辆车,古稀之年屯
箛,孤儿泪两行,孤儿泪双垂
貙,三方携手共打虎,三方联手打虎
裰,双增双节补衣衫,双双归来衣不整,缝补衣裳
邼,一统陕西匡扶正
麃,麋鹿尾随鹿王后,梅花点点逐飞花,梅花鹿角,梅花点点小鹿旁,梅花点点落荒原,梅花点点落马路
舾,船东不见客,船东不见云,船到西边,东方航空正西行,客到江西
牖,片星残月照宅前,片星残月照栏杆,片星残月照长门,片片残花落屋前,片星残月照长桥
闉,城门半掩入尘土,城门半掩尘埃散,城门半掩入尘埃,城门半掩尘埃消
祸,灾后还须人相助,灾后还须人帮助,灾后还须人照顾,灾后人口要控制
笟,两个瓜,瓜蔓抄来运丝绳,个个争瓜葛,个个争瓜,个个送瓜
瞋,眼前一片真
踞,有女深居绣阁中,十口定点落户,十口定点迁入,古尸解剖
肍,九月九日,九星伴月
荖,老树依然挺秀出,老头二十载,二十载后方白头,老树依然挺秀美
蓍,老胡正在花前老,老胡正在花前,老日相逢在花前
笗,个个入冬,个个入笼冬,个个迎冬至,人人贴冬联
颐,一张开口页
聦,闲聊时伴钓钩悬
嚷,衣着破了，谁见谁忧愁,衣着破了，谁见谁吱声
烽,重点靠边防报警
聴,十载耳目一心到,十载耳目共一心,十条心，唯有听音乐,十条闲心听雨声,十条心，唯有听泉声
蜱,闽中重灾后
禄,福星拱照山水间
詥,人口论,同心言合意
袓,出租前添点成衣,出租前添衣
崤,高山错落月相伴
莿,荆棘在前苦不全
敞,和尚身上一条巾
搓,只差一手功
罝,三层楼旁坐，四个窗间响
婺,柔衾欲盖千金身,柔衾欲盖千金体,矛头直指巾帼,一矛穿双绣娘
摔,开拓前进，率先改革,出手率高,出手率低
癞,病后依赖赖医生,病后依赖赖药生,依赖外科手术
坶,地母,地处母后
鱮,山东与君共舟行
谀,人言不可信
涎,延长河道,延长前河
磸,奠基石基,奠基石碑,奠基石
疃,连日立里,四方童心力无穷
蚑,枝头隐约有蜻蜓,一支蚂蚁翻了身
赡,生有一子名詹天
輗,儿在车旁,儿在车旁边,儿将上车
砦,此地不是草，也是石。,这是唯一石头记
鼮,鼠廷
鸂,溪畔落孤雁阵斜
螯,敖头隐约萤火虫,敖头隐约萤火伴,敖头隐约有萤火
鈡,直入黄金中,直将后方与中金
搡,双双携手伐桑木,揪住桑草,双双携手去伐桑,双双携手伐桑树
椴,一段楼台半掩村
葋,花前月下听韶声,花前月下独吟诗,花前月下听乐声,月下亭中听韶声
盟,日月盛会
蛊,寄生虫
鼞,堂下鼓声传四方,堂前堂后闻鼓声,堂前鼓声传四方,堂前堂后鼓声扬,堂前堂后一鼓声,堂前堂后鼓声传,堂前鼓角传堂下,堂中鼓声传四方
腚,清明之前定,四方安定月西移,清明之前定合约,清明之前定相会
袕,穴居破衣,破衣解下蔽洞窟
馃,果实累累
韰,又得一韭
羴,膻
屐,一弯残月落枝头,又见残月落枝头,又见残月照枝头
鹩,大鸟归来伴小鸟
鲍,鱼包,鱼中包,鱼包装
刎,勿挂金边,勿挂钩,勿上断头台,勿生一刀,勿要一刀刺去,勿挂脖子
韱,用心觅得山韭半
瞷,放眼間,放眼間隙
劬,说话有力
舂,三人同心捣乱成
裔,服装进口,八方服装
黒,黑的日本
鳢,山东丰收
洎,水来自助餐,自来水,自有清泉流自来,水自清泉流,自在河边自相随,水流湍急山自闲,自流自在,自流自在水一方
槟,枕畔一杯酒
唰,一片尸帛护伤口
觽,山在角落看不见
搿,携手同心定天下,和尚的手势,和尚拜佛
卣,四面围墙门不闭
稙,一直到秋后,直到秋深人不支
鞮,改革日见成就,是革新也要革新,改革日见成,改革日见成效
砻,飞龙石,飞龙在石头
糂,甚有余粮,甚有粮食,甚有粮可耕,甚有粮可种
迒,小路走过几曾来
鶗,白日依旧是鸟飞
霳,雪后隆重来一生
鏖,梅花点点逐飞黄
鋷,一取金钱再取钱,一取金钱
陷,坠入坑中，受损失大,掩映阶前焰火腾
赛,塞上运动员
屺,我到山东,我在山东,我到太行寻根,我在太行山,我到武夷山
魺,河水清清皆钓鱼
讈,历史唯物论
缑,当初封侯是何缘
傥,党中央周围有人,党员
脘,元宵前后月相聚,元宵前后月相逢,元宵节后月当头,元宵前后月相会
螋,虫落石臼中
韵,和谐悦耳的声音
鵋,鸟怕我不怕
箽,千里相逢在竹荫,千里相逢在竹林,千里相逢在竹下
轗,古稀之年常怀念,古稀之年心相随,古稀之年心相系,古稀之年心相连,古稀之年心向往
纃,衣着齐整
蛱,孤帆一点入陕西,夹缝之中虎行在,夹缝之中虎行踪
涯,江边厂里来客人,厂外河边
氅,敞开毛衣,毛巾展开,敞开毛巾缝,敞开毛巾,敞开毛巾上
繐,用纸条、布条等扎成的装饰
譄,曾经有言过,曾经有言今成言,曾经有言难成言,曾经有言难发言,曾经有言不成言,曾经发言过,曾经有言今成谈,曾经有言,曾经发言
鵀,白头雄心任翱翔,白首雄心任翱翔
謸,谈敖东西,敖前有言必受贿,敖前有言必有信,敖前有言未曾详,敖前有言未详情
袊,衣领先
軓,车旁站着几个人
麴,麦田麦苗吐清香,曲中曲径通幽篁,麦田麦苗吐芽率
溱,春雨下田间,江苏省泰州,江苏省泰州市,春雨润新苗
耡,为耒助一计,用力耒助头功,为耒助一方,用力耒助头阵容,为耒助一伙,为耒助一人
墁,转眼十一日又来
庥,座中人皆退隐,座中人皆退
簃,人移多竹移,竹落叶增多
蝥,一矛穿双树，两眼瞪小虫,矛头直指虎头
跐,此生足下无邪
凄,西子湖畔一姑娘,西子湖畔无美人,西子湖畔一婵娟,西子湖畔一千金
圈,画中一张卷,卷帘,卷闸门,卷帘格,卷帘门
鄷,一曲寄相思，寄与东邻事,一曲相思寄东邻
鐄,黄昏方见钟声来,黄昏钟声闻四方,一抹斜阳映金黄,黄昏方见钟声响,黄昏钟声闻不见
寤,一语道破
咴,一方有火烧不尽,一方有火烧四方
鳰,入林深处鸟飞鸣,入林深处一鸟飞,鸟入林间为入林
曝,一日暴雨
粭,一人一口一只米
髑,头骨变形虫入网,头骨变形虫入穴,头骨变形虫入巢,头骨变形虫入侵
謴,顺言,一言贯中,顺口溜
驑,田头一匹马
竦,立在树梢上
瞠,堂前直视听音像,堂前直视听音响,直视同仁堂,堂前伫立观堂前
靷,人事改革引进人,引进人才要革新
辗,展车展车,车展前后,车展已临近,展车之前来相会,车展没有停,展车展车一一观,车展,车展前夕,展车展车一一看
耢,劳动前后庄稼变
缞,衣着破了，谁见谁忧愁。,衣服破了，谁见谁忧愁,衣着破了，谁见谁忧愁,衣服破了，谁见谁忧愁。,衣服破了有病缠
蕣,岁末年尾花前会
渐,水车配件,车到江边，闻有声,一车车水马驰骋,车到江边听涛声,车到河西，闻有声,西湖断桥边
蔬,疏篱半掩花弄影,疏雨零落花半残,疏篱半隐花影疏,疏篱半掩花影疏,疏篱半掩花影重,疏篱半掩花影乱,疏雨零落花低垂
曜,一日复习，习以为常,翟天霸地
鹓,宛如一夜莺啼处,宛如水禽一夜生,宛如一夜莺声里,宛如水禽一夜长,宛如一夜莺飞来
斡,十日战斗,十人十斗,十人格斗,十日零点起相争
耪,耒旁立,耒畔草色新
符,人人埋头修竹林,个个都是修竹人,人人埋头修竹丛,修竹成寸草
抑,压缩人口,用手向下压
鰡,四方春色鱼丰收
鯙,夜半湖光鱼戏钓
逭,送走百官还不走,尽管是宦游
崴,女皇上山了,女皇上台作旗帜,女皇上山作战,下岗后，女排出厂,女皇上山作陪,女皇上岗,女皇上山作旗帜
龒,小孩子化装成龙
盕,前盟几度易主成
邫,丰邑
埚,西域来犯乱入关
嗳,又得一方有爱心,对方又来一句爱
黧,利字当头必带黑,利字当头不算黑
撷,提前十一天到,提前一天到页,手颉能够说话,提起颉来
骳,破骨皮,清清水波透骨皮
篚,非得剪下竹丛来,个个都是匪,非得剪下竹头,个个为匪,竹下一钩非竹下
訮,无言开口
褜,胞衣未解解,胞衣未解脱,胞衣未解,胞衣未解口,胞衣,胞衣未解带
縆,一旦结合要牢记,一旦结合要持久,一旦结合要用心,一旦结合要贴心
鬿,与鬼斤一斤,与鬼斤斤不同
雮,雨后掉尾毛,雨毛,雨后羽毛
讱,话锋相对
蹙,有戚必随
遆,皇帝驾崩,皇帝驾崩帝即位
龑,独倚龙天
舱,轻舟载人归,孤舟人独行,小舟人卧沧浪空
矫,一人得寸进，天下无双
鲏,鱼皮
飸,号召上食堂,号召堂下食客,号召进餐,号召进食
莕,杏花村前草逢春,杏花前头草正生,杏花村前一棵草,杏花前头草正茵,杏花村前杏花开
泮,半湖半景,半壶茶水,半江半山,半壶茶,半湖半月,半江水,半壶酒,半溶于水
餇,与人同食,与君共食
睙,看家狗,眼前一只狗
鮠,山东危急,山东面临危,鱼危,危及钓鱼,山东面临危及
輶,酒后驾车已十分,车靠酉路不靠边,酒后驾车已十载,酒醉后驾车回家,酒后驾车已十年
蜉,孤帆一点水面悬,孤帆一点水朦胧,孤帆如画水中来
艍,一叶扁舟破屋来
膘,一月票
譓,十日谈,一言十日
膶,明月当空照門庭,明日去君家
韴,断续的音乐
菰,孤儿失踪在花前,孤子梦中苦吟诗,孤独在花前,孤灯一映映花前
蟠,菜田除虫
鉽,式样金式,似是非金式
鲇,山东一战息干戈,山东战事
聣,俯首贴耳儿,拂耳儿
緛,因缩短而大,缩短而大
禥,祖先一统定中原
祘,小二小二戴草帽,小二小二戴帽子
遒,酋长一点到达,客人一走，送走一人
篴,个个都是逐龙种,个个来逐前辈,个个都来逐竹林,个个都来逐竹下,个个来逐逐金莲,个个来逐逐
沏,急切切去西湖边
强,一箭射中虎腹,一箭射中虎屁股
雘,又见落花满地红
鎋,害及金牛
贂,参赌人被抓
鲐,台上有鱼戏云端,台上有鱼戏云下,台上有鱼,台上有鱼戏云头
鋕,金榜题名,金士心,一朝金榜题名,金士心上
鼐,乃一家之长
挚,手挽伊人泪两行,手挽伊人逝，携伊人去行,手挽伊人逝，携伊人去游,手挽伊人泪珠滴,手挽伊人，携伊人,手挽伊人，前往求签
蘘,一衣带水共赏花
缉,四方耳广结善缘
胩,卜得上方月色明,上下一致对月
郅,一直去到陕西,送至陕西,东都至陕西
缧,红丝累累终觉浅
莴,二十口人一同住,二十口人同住
葞,躬身自弃弭草泽
祎,伟人走了有后福
阊,开门日日有,拱手开门昌
鞄,改革包头,革新包,改革承包,制革包,改革包
酯,酒后失态一天,酉时日出
蠕,雨中依然有帆来,雨中扬帆而来,雨中依然有帆影
薿,疑是花前暗箭飞,疑是花前独自看,疑是花前独自见,一知半解，疑是草
珥,皇后耳朵,君耳
稗,田里禾苗破土出,千里归人泪涟涟
腘,玉兔国
脞,从前月下共谈论,从前月下坐,从前月下共举杯,月下从来共举樽,月下从来共举杯
媵,月上婵娟半面妆
濑,赖以自居的港口,赖以一生的港湾,赖以终生在水边,西湖赖以为生,赖以自居的港湾,赖以一生的港口
跷,晓日腾空到足下
磳,曾经在石首,曾经在石头,曾经辉映在石头
礂,石鼓文化传佳音,石头城里喜相逢
飗,田间风留马蹄痕,四方和风卯时节,四方和风卯时来,四方和风卯时到,留得东北风细细,留下一点是好风,田上长青草，风里跑出来
鲀,山东屯,河豚,河豚鱼
沃,西湖之夭,夭桃开后日沉西
癯,瞿秋白日照庭前
笉,个个都匀,个个匀称,个个匀
鲔,山东有雨,山东有云,有鱼有水
礀,石头城里月当头,明月落石門
露,下雪之后方能见,雨点洒落路旁边,下雪之后路不通,上下有雨路,下雪之后路断流,下雨之后路不平,下雪之后路不平
嵬,老山鬼,阎罗王下山,鬼魂山上不平,鬼魂压灵柩
艶,相思染尽相思色
蕳,入門原是草,入門原是草底事,落花低垂柳，落日照门庭
黮,东北甚黑,甚有黑作为,甚有黑就好,北京甚黑,甚有黑作陪,甚有黑头
蝄,虎罔
耵,丁字耳
鏕,一只金鹿
鲢,鱼连汤带水,连山钓鲫鱼,连日有鱼
鲿,云山垂钓钩
颡,桑田一页,桑前一页,桑一页
掀,携起手来欣赏,携起手来欣赏雨
痔,土上有病，土下一寸金
痤,先生带病上坐
覠,见到乃兄台下见,顾盼良人
笮,昨日去竹荫,昨日去竹下
茿,几点残红映花前,几点残红落花前
竤,端午节后出城头,端午节后出游,端午节后去台北,站前不要讲话
铱,脱却秋装添锦衣,秋装,一套秋装在身边,秋装一套,脱却秋衣添锦衣,一套秋装
龃,齿月齿痕清如许,齿月当空雁阵斜,齿月当空一抹斜,齿前齿后月相伴,齿月当空一念悬
愦,一贯珍惜，一贯用心,一贯珍惜，一生不变
艆,良宵夜泊不见人,良宵一点伴孤舟,良宵一点伴舟行,良宵夜泊伴孤舟
屦,楼头尽是层云散,楼头尽是层楼月,楼头春尽留残月,楼头尽是西楼残,人在画楼高处，月满西楼，
绳,一丝不挂蝇头上,前线有变化，后线没变样
跘,半边印
臎,九月九日燕双飞,清光如注翠楼前
襛,衣着宽松,衣着引得夜半寒,衣着宽大
鮀,鱼它也不要,鸵鸟奔跑入河中
铭,多少钱,秋凉一夕人方归,金秋一到名声传,秋凉一夕人离去,秋后名声传
蹇,足球
醰,鸡在覃边日正落,鸡在覃边日当中,酒后立即去西安,鸡到西安一日游,鸡到西城日已落
橥,拴牲口
罶,四方团聚卯日游,四方团聚卯时春,四方春色笼四方,留得秋波在四方,留得秋波在眼前,四方团聚贺生日,四方同心植树,四方团聚卯日出,四围山色笼四方
迻,移山造林,移山造田
葜,花前月下约相会,花前月下约相逢
脬,夜半月中悬爪痕
韟,与韋白大十分合作,与韋白大小不同,韋白大帝,与韋白大十分般配,与韋白大十分相似,韋白大十,韋白大十八
峭,老赵出走到山巅,小月当头悬崖上,小月当头照高岗,小山依旧月当头,山月当头听箫声,半壁江山明月来,小月当头悬山前,半月山景看不足,下岗之后月当头
憬,心景在前，前情未了,心景融融融一体,心景在前，前前后后,心景在前，前情在后
娓,尾巴女尸毛不藏,尾生女尸,尾巴女尸毛不生,尾巴女尸毛不附
蒂,丝织枕头帝王归
耖,耒少,少到耒阳,少到耒边
矄,眼前一黑心发慌
蔫,焉能无心草下藏
锂,秋雨连绵里,秋日里金灿灿,金秋佳节里
鏻,千金散尽唯余粮
畔,半亩方塘,半边田,半亩方塘听蛙声,半亩方塘一鉴开,半亩方塘一水田,半亩方塘一水间,半亩方塘一半
葹,荷锄东施
県,自小好节俭,全省上下改革面貌新,自小在一起，目前少联系,自小离乱到山西,自小离乱到异乡
粊,比米多一半
浞,浅滩停步听蛙声,酒足客散泪痕多,浅滩停步听麝声,酒足客散泪淋漓,酒足客散泪分流
朦,雨后湖边月相伴,雨后湖边月不明,西湖月色浑不明,雨蒙半遮月不明
鄳,西汉置，属河南省,西汉灭亡余音在,西汉灭亡余部续,西汉置，属江夏郡,西汉灭亡余部众,西汉灭亡东汉兴
麜,麋鹿奔走入林中,麋鹿奔驰入林中,麋鹿奔走入林间,林边麋鹿奔走
赌,前来者，财物来者
訑,是非之地不可言
艑,孤舟一家绕疏篱
祻,祖先的固有一点,祖先的固有一方,祖先的固有化
揿,钦差一人莫挂念
撺,穴居串联难分开,穴居串联难辨析
鋬,扳着指头说金话,扳着指头计金钱,扳金归扣
銒,干在前头，金干在后
鐣,手捧千金掌,握别金掌,掌柜的金手,掌柜的钱,掌上添金,掌上添把金
钅,金钱在旁边,秋来钱不多,秋来钱串
航,几点飞舟,一叶孤舟乘风飘,一叶孤舟乘风飞,一叶孤舟乘风去,一叶孤舟乘风浪,几度飞舟乘风去,孤舟一叶乘风去,一叶扁舟乘风去,孤帆西去几曾来,孤帆远影几度来
筽,人人称道吴
磄,广结慧心到唐代,广结慧心到唐朝,广结慧心到唐前
鲶,念前人，在水中
嘞,勤劳方正对苦心,革新有方,革命有方,勤劳方正好出力,勤劳方正对苦吟,为革新出力
跽,记在心上,记在心上，莫为己
堠,侯在边陲
焐,欲语无言退秋波,欲语无言听秋声,用热的东西接触凉的东东使,用热的东西接触凉的或湿的
幌,孤帆一片日中来,日落帘钩浑不知,孤帆一片日边来,孤帆一片日西沉
黡,大黑山下一只狗
鏂,金区,秋色笼罩金区
滢,溪畔草桥畔，玉镜悬空映,溪畔草桥畔，玉镜悬空中,江畔草桥畔，玉镜悬空中,西湖玉带桥,玉带桥畔水草新,玉带桥畔水晶流,玉带桥畔水草生
藀,萤火虫飞过草桥
龌,齿下残月映屋前,齿下留情到深闺,齿下空置一间房,齿下空置一间屋
逮,一隶之下任转徙,一隶之下送出关,一隶书送达云南,隶属一方舟行迟,一隶之下任转移,一隶书送达云长
鴽,鸳鸯戏水如画中,鸳鸯枕上伴千金,鸳鸯戏水如画里,如来鸟语,如來掌下伏鸳鸯
鏏,雪后金山一片斜
纴,千载一时红颜老
蕲,鄂赣毗邻处,鄂赣边防前哨
穜,千里归来日方立
耨,耕作十分需要时间
慵,有心却懒惰,用心克制惰性,用心克制懒惰心,惰性
碀,石争,岩溶争夺,破石夺水,破石成山,石争气氛,岩下竞赛,岩下竞争,礁前竞争
啶,四方定会合作,一方定,四方定会,四方定会合同,四方定,四方安定
蜇,撕去中间小虫子,撕去中间小虫
癜,病在皮肤上,病在宫中
蒁,花前著述
胧,月下龙头隐隐现,月龙在前头,月下龙头隐,月龙在前身不明
鲤,鱼里有一人,鱼里有鱼,鱼里有一物,鱼里藏,鱼里有人,鱼里来
溶,西湖容貌改,西湖容貌,西湖容纳八方宾,十八滩头阵容乱
騺,执马旁边守株连,执上马头
鬐,老头白头耆旧来
裾,衣服破了有十口,衣服的前后襟带也,衣着引得居者香,衣着引得居客来,衣着引得居者笑,衣着引得居者归,衣服的前后襟带
暾,子曰，敦煌
偶,番禺人聚首,人在禺山住
牾,我最牛,我最牛也,欲语无言我相牵,我爱这一牛
袑,一口咬破衣
搽,提前十小时到茶边
绁,世居异乡
銊,戌时方黄昏
叻,加坡方言,离别马来半加坡
讟,怨恨心,怨恨心切
哿,双方力可加可
筴,个个相夾,人人见了笑,个个来夹竹,人人相夾,个个来夾竹
渍,江畔负责任,江畔负责
凛,两点回来禀赋长,两点以后回北京,两点回来禀赋高,两点之后回北京
崧,松柏参差缀岭头,高山松,高岗松树耸云端,云脚低垂两山松
燧,秋后取火遂声传,秋后取火遂声闻,秋后月中遂
骢,千里离乱心牵挂,千里心急如焚书,千里心急如焚
萗,宗庙庙前祭花神
轪,年已古稀去大连,古稀之年贡献大
笸,竹丛深处有个洞
矂,品茶无人把目投
鲆,山东平南,山东平南北
玎,宁弃乌纱保皇后
寐,未戴安全帽
謧,离别话,离别有言
謿,十月十日说相声,十月十日说相会,十月十日话旧时
箣,竹刺刀刺,竹刺竹签
笹,竹下世界
蓇,花儿没开,花儿没有开,花朵儿没开,花朵儿没有开
鹡,月光背后杜鹃鸣
盿,文章目录
粯,不见有米粒,不见有米,不见有米在,不见有米见
鲷,周末有鱼来,周末有鱼,山东周末,周末适逢山东日
簜,个个赴汤蹈火,人人喝汤
箐,竹下一年青,竹林深处一青天,竹林深处一青山,竹下青春,竹下一青,竹下情深,竹下一青天,竹韵清音
墩,敦煌壁画
渚,江西来者都是客,来者都是老江湖,老头早上到江边
魛,刀刺鱼肚,刀下留鱼
坼,拆了围墙
蔓,转眼明月落，又见草长依,转眼二十日又来,转眼明月落，又见新花开,转眼二十日又到
翦,一月前复习
欷,希望渺茫人未到,希望渺茫人未至
駞,千里马驰
雅,鸦声隐处乌雀飞,鸦声隐处鸦雀飞
詧,月下独自说,月下有人在说话,月下独谈,月下有人在谈论,月下有人在议论
膛,月照堂前杜鹃鸣,堂前月挂念牵牛星,堂前明月照归来,月满堂前满月痕,月照堂前两依依,堂前月相伴,堂前月出听堂声,堂前明月满堂前,堂前明月照归程,月照堂前满月归,堂前月挂念牵牛,堂前明月伴三星,堂前月落叶参差,月满堂前满月归,月满堂前满月来
嵝,山间佳丽锁双眉,上岗千金要出头,千金上岗锁愁眉,山下佳丽锁眉头,西岭美人居高楼
穵,挖掉穷根改旧貌,挖掉穷根旧貌改,挖穷根
缎,前线绣成一段,前线绣成一段红,前线有段差一点,前线有段红丝飘,前线有段落
馗,一生作诗九首,九点首先,九九首,九首,九首奉先,九点首,九首诗
蕝,绝色无双惜花前,花开之后色犹红
雰,雨点纷飞各东西,黄梅时节雨纷至,黄梅时节雨纷纷,雨点纷飞连续雨,雨点纷飞各西东
鹠,留鸟巢南枝,田头鸡鸣柳梢头,田头鸡鸣柳枝疏
餫,军前催粮秣马粮,军前催粮草,军前催粮秣马蹄
烀,着手改革热乎,似乎在灯前,关灯之后乎上策,关灯之后乎灯前,关灯之后乎火上
繻,雨后依稀而织
溲,老叟下酒去,老汉潜水,老汉在水边
肏,人肉交易市场,二人同入,入肉为王,入肉不是食,一入内,人肉交易
崾,山西姑娘来相会,山西姑娘来了,山西姑娘,西安女排要出头,山西姑娘去晋中,山西姑娘去会山
鲓,山东赴考,鱼考,山东应试,山东省考,山东高考
脕,晚来月当头,晚来日沉月西移,一月一直不晚,一月一直免
瞎,害及眼睛,害及眼前,眼前害相连,眼前害相思,眼前害虫多
簬,个个上路来,个个上路,竹下走来有路,个个上路去
藢,花前一见徵夫人,花冠不整应如徵,花前一别徵夫人
惘,一心罔上,怅然失志
麒,麋鹿奔走其中,麋鹿奔走其间
鳘,敏鱼,海水蒸发变成鱼
讉,遗嘱一言不兑现,遗嘱一半,遗嘱犹存口下言,遗言,遗诏,遗言一封
臗,宽容待人，明月常挂,宽容待人，明亮无比
蹩,敝人敝脚,敝人之行,敝足,敝人敝足
撑,提前到手,掌握
艖,只差一叶舟
蒻,弱冠花下无人会,弱冠花下无人赏,弱冠花下听弱音,弱冠花下独垂钩
銝,一休要金钱,退休金
筸,人人旱
泅,西湖囚,西湖囚犯
輖,车到周口方停下
輨,官兵座驾
腠,清明之前奏凯歌,清明之前奏凯旋
閷,杀头犹如闪电
霭,雨后来谒,雨后谒陵,冒雨来谒,雪后来谒
鼜,鼓上蚤
氩,一气之下来亚洲,一气之下去亚洲
岘,山见仙人迹已残,山见仙人迹板桥,山见仙人迹
藨,花前偶拾鹿蹄痕
鳿,鸳鸯枕上伴君归,鸳鸯枕上伴君来
蟾,虽说是大话，全凭嘴一张
炻,石榴开花慢慢红
臯,自古分离必有路
缯,织就曾经红日照,织就曾经沧海难,织就曾经红颜弃,织就曾经红颜薄,织就曾经沧海,织杼织就曾经沧,织就曾经红颜老
瞡,规劝皇上放眼量
觝,无角牛登上绝顶
闄,闺中要出门,入门要小心,闺女出门要小心
跊,未到村前先种菜
眀,眼前一片月,孤星伴月看不足
缙,一线牵连晋中地,一线牵连晋中后,一线牵连晋北地
鬻,四四方方一粥堆,四四方方粳米粥
漤,西楼少女泪双垂,西楼少女泪涟涟,西楼少女泪两行
钮,金牛凿破人间路,金牛座,金牛座上没朋友,金牛凿破牛尾巴
镜,竟有秋色伴秋波,竟是一针见血,竟然没有一点钱,竟然没有钱,竟是一秋水月光,竟有秋色伴清辉,竟然没有金钱,竟有金钱
蓂,六桥如画夕阳下,六桥如画日西沉,六桥如画夕阳西,六桥如画日中来
謇,寒省话
楔,十三大，改革之年,一刀大丰收
缲,三方携手共植树
硙,我被困在岩下面,我到岩西念白头,我被压在岩下面
喏,吃苦在前方方安,吃苦在前方,若要无心应开口
眸,放牛哥的眼睛,放牛哥的眼
暌,分明月色若癸水
鸮,号召旗手共鸣,一口一个鸟,一号鸟,口号鸟
閮,清闲之中入朝廷
躿,全身健康,身广隶书,妾身广隶,一身免疫
惬,夹缝之中休要入,愉悦心情
篁,个个称王,个个都是皇上,个个称王称帝,个个都是皇后,个个称王称王,个个称王叫王
隳,隋炀帝即位
嘻,方士相会心欢喜,周末喜相逢,四方喜相逢
齯,老子的牙齿,儿在齿旁,叩齿犹怜白首儿
越,戈壁上走着,过去一半，走来一半。,征人未还须行动,征夫何处走
鉐,石达开金矿,金石为开,金石
需,三人冒雨而来,雪落横山而不见,而今大雨降临,而今天下有雨,而今天大雨,冒雨而来
酖,酒后失态一点无,西装革新一无成,酒后一定要先行
裒,衣着破了，谁敢吱声,出口成衣,衣臼半掩臼中影,出口服装,衣臼半掩臼底清,衣裳破了，谁敢吱声
耇,句中空有余音绕,句中空有余音在,旬日不见有人来
鍦,千金方到万金时
髯,三五冉冉升起来
攉,雨后双丰收,雨后携手同去,扫除残雪迎春来,雨后携手共把酒,雨后又携手,雨后携手游霍去,雨中携手共把酒,雨后携手来,雨后携手同归
陜,陕西人大变了样,两人分守陕西,陕西大地变了样,陕西大地起变化,陕西人大变样,陕西大变样
酡,酒后脸红樱桃俏,酒后脸红樱桃色,酒后脸红,酒后花下觅不见
絒,纵横一川水,纵横一线穿三州,纵横一川水势平,纵横一线穿川中
跞,轻舟扬帆喜相逢,独乐当头
葙,眼前一片绿葱葱,眼前变成二十载,眼前唯有苋菜色,眼前变成一片林,柳眼半舒花自开
劐,草率划分又划分
鄮,投身改革，立足东部
鵨,相思鸟雀入仓中,莺飞入屋中,鸟雀筑巢,莺啼画桥人独宿,莺啼故居鸟不鸣
醊,双双结伴到西藏,双双结伴到西点,双双结伴到西站
篷,竹下逢迎
虿,蛇、蝎类的毒虫
稭,秋雨连绵比高低,千里来人倾心相
蒧,战后归来半含羞
袷,一人一口一套,衣着引得人相依
煺,退火之后东南行,退火之后东方来,退火之后东南方,退火让火
埘,时逢十一,寸土不丢保村庄,寸土不让保边疆,寸土不让保村庄
琬,宛如玉人出游，声亦清也,宛如玉镜一婵娟,宛如玉镜一般光,宛如玉镜一般清,宛如玉带带雨痕
墟,虚假之地,不实之地
辑,古稀之年闻炮声,古稀子美闻福音,左轮护耳
搂,一半收藏在后楼,闺中少妇携手来
硈,岩下士在
旋,万点旌旗阵阵开,万点旌旗阵阵来,万点旌旗猎猎去
鋺,宛如秋色临窗前,一抹夕照，金宛满盈,宛如秋色满西楼,宛如秋色近黄昏,宛如秋色满人间
噜,山东一日游
藵,出口草衣
硪,我在石首,我在岩头,我在石头上,我在石头,我在岩西,我在岩手边
轓,古稀之年異鄉逢
鏸,改革正好惠及后,改革正是为金惠,黄昏前后心相印
苌,长安一片春,花前长相会,花前长相伴,花前独自长相会
砗,水车摇曳萦岩中,宝玉出走逐龙车,碰撞半轮回,宝玉出走，车到桥下,宝玉出走随长车,石车
毫,一笔不苟
楸,一半绿，一半红,一半秋风一半春风,一半秋色一半春
脜,自在天涯月西移,自在天涯月自明,自在天涯月自圆,一自清明独自来,独自清明前后
葠,群雁追舟过草桥
窊,窗前瓜蔓已脱落,瓜蔓蔓草入帘中,瓜蔓蔓草入帘来,窗前瓜蔓展新姿
掼,一贯用心，十分投入,一贯用心，不留一手,一贯持之以恒
鹤,鸳鸯枕畔来,鸳鸯枕畔来相会
璃,离开山峡见君来,离开山峡见君颜,与君离别意,与君离别
惮,独怕,一个愿意
淫,江边浮鸭栖
粎,一尺多一点点,一尺多一点,尺书先写八寸长
醽,西湖黄昏雨淅淅,西湖黄昏雨偏多
龎,厂里来了一只龙,厂里来了一个龙,厂里来了一条龙,大厂龙头,厂里屠龙
呛,前方仓位人争先,古仓落雁斜,古仓落雁,古仓落雁偏飞,前方仓卒,前方仓位人不在
譻,一言九鼎
蠷,瞿秋白露湿孤帆,瞿然乍见一孤帆,瞿秋白露湿孤舟
饸,人人同吃
蘼,靡音二十载,靡音二十首,花前独立非草径,靡音二十年
濠,一家十口人，在河边,一家三口共枕河
鳖,敝帽遮面涕零落
眕,眼前唯有一人影,眼前唯有柳丝飘
炔,烟消日出人不见
髆,寸土相连不见人,十分用心骨折
葺,四方耳听柳声中,二十口耳
挲,指头轻轻拂手来,指头轻抚摩手,和尚的手势,指头轻抚触手生,和尚的手法,指头轻抚沙发,手捧金沙捧高明,手捧金沙捧高香,指头触沙
瘀,血凝块,病在东南方,一方人去病方来
鎚,追随者金追,三顾足见秋色浓
戢,战后又闻枪响声,听从调解干戈去,战后又来听戈声,战后又闻枪声响
釪,自金于人,干到秋深人不支
鳛,羽落岭头一片白
筼,个个动员,个个参加团员,个个参与减员,个个参与团员
饳,重峦叠嶂映残红
镊,秋收之后又闻声,秋色入耳来
臌,清明前后鼓声响,孤星伴月鼓声扬,月照枝头鼓声扬,清辉一点伴鼓声
禐,一点爱心献社会
絣,双星一并挂天边,一并布
藜,黎明前去扶桑,黎明前后花前会
艂,孤帆远树系客心,孤帆一片系扁舟
虝,勿挂虎头,勿以歪文论虎,勿挂虎标,勿以歪文论虎端
鞓,全面改革呈新姿,改革呈报国庆来,呈文改革呈贵宾,呈文改革呈新貌,全面改革呈新貌,呈报改革成果,呈报改革呈新貌,呈文改革呈王佐,改革呈报中心
椟,十八载来始成交
塑,城头一片月,王朔东去土斜埋
啮,口齿相连,口齿相依,口齿不清,口齿不离,口中有齿,口中齿
靱,刀革之后人变样,刀革之后心变样
舭,一叶扁舟竞飞来
楣,半掩村桥半掩眼
镔,操戈一动兵先到,操戈一动兵如刀,操戈一动兵当先
胪,卢前残月双星现,卢前残月映阶前,卢前残月照长安,卢前残月上西楼
緐,海水退去，残红犹在,每到梅前总系念,每到梅边总系念
靃,大雨落在屋顶上
湟,白玉无瑕一江流,白玉无瑕一汪清,一汪清水映君颜,一汪清水伴皇上
裲,一衣带水两相依,一衣带水两边藏,衣着引得两千金,一衣带水两边宽
詯,自有一言传千里,自有一言传不宣,自有一言不可信,自有留言自安排,自有留言,自有一言自相随,自有一言令人厌,自言自语,自有一言不自明,自有一言令人信,自述
窆,穷则穴居
翸,操戈几度铩羽飞
韼,五一集合迎音逢
髣,芳草迷离雁阵斜,芳草迷离雁阵疏
酽,酒后有言知是非,酒后一定要小心,严格一点无酒
餆,有如桃杏半吐出
蚖,元旦闽中游园会,元旦离开闽中,元旦离别独念伊
籓,菜田浇水除草
鮰,山东有回事,鱼东还
蚿,玄烛微微烛已冷,玄烛微微烛光明,玄烛微微烛光冷,玄烛冷光烛已冷,玄烛微光烛已冷
猿,与猴同归,独先来者是袁天,与猴相似,与猴同行
艉,尾随其后，堪称船尾
揎,一旦提出要宣传,提前一天宣传,提前一天宣布
绵,白帆半挂新丝绸,一条白毛巾挂在白边,一片白帆系芳心
磥,石累累，累也累,石累
繸,遂往山中行
粪,共筑三角楼,共筑四方图改革
鴼,各得了一个乌纱
甓,屋后辟瓦当主卧
竏,干部一直站岗位,站在旁边不动干
祩,犹祝红颜一老死,犹祝红颜一老成,犹祝红颜未老
驦,雪上梅花落马蹄
嗌,总为利口起争端,总为利口起哄声
馓,饭后散
鞝,衣裳革新,衣裳改革
砮,又见美人在石头
罟,千年老网依昔成,千年老网依然在
锨,欣闻掌声,一片衷心感激钱,一片衷心感激金
鵟,一只猛鸟藏其中,一只猛鸟飞入笼,狂山伯劳鸟自鸣,一只猛鸟飞上天
喘,依山而傍口
殪,一夜亭前两相依
喵,四方相聚花前会,四方苗木凋零,苗在田头
笜,层峦叠翠,山南山北一片竹,竹影连绵峨嵋巅,山竹叠嶂连绵,山上山下一片绿,山竹影连绵,叠嶂连绵翠竹高,山竹叠影连绵
鷖,矢下鸟雀,射雉一矢亡
駮,三星错落映斑马,三星错落映千里
馉,两个蚂蚁啃骨头
鱓,惟独垂钓雙鉤垂,惟独垂钓雙鉤鉤
臅,西凉月色近重阳,三顾频频月下圆,蜀道之行，月照之中,蜀道之行，月照之盟,蜀道之行，月下犹挂念
蛚,孤帆一片列前茅,孤帆一片列山中
淙,小桥疏雨二三声,小桥流水二三星,小桥流水二三处,小桥上下二三星,二泉映带桥头景,溪边小桥示宽心
锊,一寸土地，六寸金钱,一寸金钱，合六两,一寸金钱，合六两。
靼,改革旧貌得天下,革新旧貌一改观,改革旧貌一一呈,革新之日,革新旧貌一一改,改革旧貌得第一,改革旧貌一一现,革新旧貌换新颜,改革旧貌一定出,改革旧貌得新生,改革旧貌迎朝阳
罥,亭台之上月相伴,月下方见杜鹃鸣
謩,莫言此日无言音,莫言此日成知音,莫言此日不成言,莫作莫言,莫言此日不相逢
蓗,走到右边叫苦头,二十徒,二十徒弟
鉃,一箭定中金顶,一箭定中金边,一点金矢
呼,一口咬下半个梨,有口乎乎
訋,一语解千言
坷,何人去土生,西域可一统
糅,枝头柔柳系芳心
稸,九月重阳日挂枝
袼,袖前尽挂各东西,衣袖前边各一半,衣着引得各方来
麅,鹿跑了
媸,女排除虫,女神蚩尤
艊,一船白帆挂半边,东方航空白帆船,东方航空，白帆一片
鰌,鱼头啖啖酋
劓,割鼻子，流眼泪,割鼻子,刮鼻子
罩,早上一别卓飞飞,早上一别卓飞扬,早上一别卓飞君,早上一别卓飞腾
跆,脚踩高台,足踩高台休用力,足踩高台休多口
瘵,病来上苍求保佑
鹣,空中雁阵双双飞,白头鸳鸯双飞翼,两只小鸟飞上林
焖,关掉火门心不安,关掉火门心,大火烧到心窝上,大火烧到心窝里
鶸,一只弱鹂,弱点出在鸡身上,一只弱莺栖树间,一只弱莺栖枝头
鶈,妻鸟,丈夫與妻共画眉
裴,一衣带水并非难,非服装,非风内衣,不是服装,非衣,非装,非衣不穿,非服
猕,小弥头上挽着弓,小弥头上挽双弓,弥留之际，犹见弓矢矢
瞪,眼前豆蔻梢头发,眼前一片绿豆芽,眼前一片绿豆,登上绝顶望江东
刈,风中错把刀,错把刀头放,风刀霜剑,风刀霜剑各一方,风中错落留刀痕,风刀霜剑齐向前
庶,广集古书廿四卷
菍,花前独念
罯,乡音惟有凭栏见
踩,脚底接触,脚下接触
眦,眼前如此美,如此眼花缭乱看,眼前如此,此字不难猜，却把泪眼闭。,如此眼花缭乱耳
钐,雁阵斜分秋色近
筈,千古牵连一笔勾,千古奇缘一笔勾
撄,抬头见远山，恰似少女梳,抬头望见女儿归,抬头望见婴儿身
擘,辟手让人,辟手让人家,辟手让位
猾,骨折之后犹可寻
颢,景色宜人须入笺,景色宜人须小心
衖,同行十二载,共进二十行
觯,一角,独角单飞,独角牛,独角戏,一角独守
觱,咸角
懦,需要帮助但胆小,需要一点耐心
跤,跟头
噤,禁止喧哗,禁闭口,严禁喧哗
偻,倚阑干东楼,千金散尽倚楼头,楼头斜月倚阑干
睘,孤独无伴泪涟涟,孤独无伴,孤独无伴泪珠飞,孤独无伴泪双垂
锽,秋色到君前,秋色到君来
觊,岂容他人见我,岂容他人窥野径,岂容我见,岂容他人窥我志,仰见高山我相见,岂容他人窥视我,岂容他人窥野望,岂容他人窥我意
稌,余粮一半,除去一半添一半,稻,除去半边添半边
閴,闹市散罢人回来,闹市散罢人去住,守门員,守门员
募,莫用一口之力
闱,直指韦编三绝门,直达韦编三绝门,韦编三绝门,韦编三绝进门来,韦世昌进门
聡,闲聊时伴八方云
殒,一宵别后成一员,一夜白头贝先来,一夕方圆圆
糦,一家十口喜相逢,千里相逢报喜来
竈,挖空山腹建茅房,挖空山洞，填土造田,挖空山腹建陵墓
霂,雨后梅边,雨后枝头又见芽,大雨落在树梢头,雨后枝头展新姿,雨后枝头梅初开,雨后枝头显春色,雨润枝头泪涟涟,雨后枝头梅半开,大雨落在楼头
賯,赊出一半要不得
鲵,一会儿山东有雨,鱼儿不见了,儿在河东垂钓钩
髠,几点飞雁横斜
嵇,千山尤有险峰在,千山尤带斜雁影,千山尤有险峰存,千山尤带斜月影,千山尤带斜阳影
釢,乃一笔现金,乃一国之宝也,乃一国之宝
锲,合金十载成契约,金契,一对金契
滓,宰相牵牛到江边,宰相携妻到江西,宰相携妻到江边,宰相携妻洗尘埃
瓮,公字当头瓦当头
髼,雾中远树影参差
蕦,须在花前草下留,须在花前逐浪花,须在花前逐流水
跔,句中空有马蹄痕
騄,千里冰封
逝,折不断，扣不住。,折不断，丢不还,折了不扣，丢了不还
邅,送走云长便回来
脽,孤星伴月犹挂念
猎,狼烟西来日偏西,猴头旧貌换新容,一日守株待兔来,猴头旧貌换新颜,狼烟西来日已落
浩,河边告别,江边告别
蜸,大臣又来献丑,先臣后主又称帝
篭,竹下站着一只狗,竹下一只猴
鼗,兆见鼓声震四方,兆见鼓声犹拨浪,兆见鼓声犹拨弦,兆见鼓声犹带浪,兆见鼓声起
馨,飘香树间一间房，闻得楼头,十载飘香闻书声
戡,甚有干戈意
颎,一笺残花页
蒈,花前月下皆不见,花前月下皆相映,花前月下皆成双
箓,个个上前线去录
矘,眼前一黑一片白,眼前唯有一点黑,眼前一黑头发晕,眼前一黑映党心
賱,装甲兵
燠,秋后大米向外运,秋日飘香大米堆
禞,亭台半露出天际,亭台半露月痕低,亭台上下共高低
痦,欲语无言退后患
铬,银河系客心,银河半落各西东,远山秋色有客来
肻,星月交映小桥上,星月交映小桥南,孤星眉月照长桥,孤星伴月照长堤,小桥流水月无边,孤星伴月照长桥
鮊,鱼肚白
鍓,合金四处听莺声
鑕,中国金质
簹,竹当窗外月当中,竹当门外月当中
膄,叟立石臼边
觔,角力争先,角力争取,角力争取到,角力不阿传
礞,石蒙
违,伟人辞世离开去,伟人走了才离开,伟人走了送出关
獐,独立日
鐾,居间辛苦半生金,辟金无度，金无足取
魑,离别之后心不安
缷,卸去前头,卸去前衣
技,支援西部，帮助贫困,支援西部
湛,甚有甚深,海河甚清澈,甚有水平,甚有水分
絶,绿色通道,万紫千红一色中
鷁,得益于鸡,好鸟好声闻,好鸟好声张,用心益鸟,好鸟好食
霚,雨后又见矛,雨后长矛,雨后一矛穿双剑,雨后一矛穿长矛
韪,伟人走了一日还,伟人已逝不留名
陡,走到陕西阜新县,走到右边叫阵地,边防前线要走
嫱,平反回到娘家来,平反回到娘家
阨,危及西部
齁,句拟鼻下生
揣,抬头望见山而已
氲,气压低，血压高
頋,厄运来时须先溜,厄运当终后来顺
诇,同心改革同前进,同心改革共前程,同心改革共前进
蓣,花前空留草书页
焙,临炉独立安营,临炉独立
